variant,seed,lam,f1,f2,delta_h_mean,delta_h_max,gini_delta_h,h_end_min,h_end_mean
Full,1,0.0,340.6666666666667,3233.2849516657557,-0.1663653977529829,0.09549201037110988,0.30750898705348373,0.7334831176081821,0.7582256955314147
Full,1,1.0,340.6666666666667,3233.2849516657557,-0.1573811804797421,0.0988362556671184,0.307547350860218,0.7230363147765645,0.749241478258174
Full,1,2.0,340.6666666666667,3233.2849516657557,-0.14839696320650128,0.1021805009631257,0.3081822331419699,0.7125895119449472,0.7402572609849332
-health,1,0.0,337.3333333333333,2341.728842921932,-0.1691372179711115,0.10391331741058318,0.2625167445185934,0.7235458586617814,0.7609975157495434
-health,1,1.0,337.3333333333333,2341.728842921932,-0.16043487582882499,0.1083983636967708,0.26049543208455805,0.7190608123755938,0.752295173607257
-health,1,2.0,337.3333333333333,2341.728842921932,-0.15173253368653877,0.1128834099829581,0.2583266671249689,0.708505451477612,0.7435928314649707
hard-only,1,0.0,346.66666666666663,2970.92683479931,-0.17045437202294578,0.12461562875770837,0.2609699101518994,0.7272844636421746,0.7623146698013777
hard-only,1,1.0,346.66666666666663,2970.92683479931,-0.16178517462788045,0.12841696929984436,0.2574819964779749,0.7234831231000386,0.7536454724063123
hard-only,1,2.0,346.66666666666663,2970.92683479931,-0.1531159772328153,0.1322183098419799,0.2546970607763108,0.719681782557903,0.7449762750112472
Full,2,0.0,661.3333333333334,4638.260823218956,-0.027570076375724152,0.17778205734056152,0.5243852378065139,0.40504358431373527,0.684542304968616
Full,2,1.0,661.3333333333334,4638.260823218956,-0.02295030586596981,0.17819483699612937,0.5120487735817967,0.40504358431373527,0.6799225344588617
Full,2,2.0,661.3333333333334,4638.260823218956,-0.01833053535621527,0.178607616651698,0.5028584263935074,0.40504358431373527,0.6753027639491072
-health,2,0.0,301.66666666666663,2043.6866794190228,-0.10881351338339958,0.1907536424668257,0.4444390493264663,0.7464749348450712,0.7657857419762915
-health,2,1.0,301.66666666666663,2043.6866794190228,-0.10130983297516791,0.1911955004628526,0.45165791486111573,0.7347075256878468,0.7582820615680598
-health,2,2.0,301.66666666666663,2043.6866794190228,-0.093806152566936,0.19163735845887975,0.4549791478217915,0.721465490909353,0.7507783811598279
hard-only,2,0.0,404.6666666666667,3182.381721546711,-0.09750748884907012,0.1621999810840955,0.44400924888299365,0.6625587377332703,0.754479717441962
hard-only,2,1.0,404.6666666666667,3182.381721546711,-0.0912150653516742,0.16257253933119742,0.43631159176740075,0.6611253433408166,0.7481872939445662
hard-only,2,2.0,404.6666666666667,3182.381721546711,-0.0849226418542784,0.16294509757830022,0.4281581858526622,0.6596919489483636,0.7418948704471703
Full,3,0.0,499.33333333333337,3806.988889221388,-0.012885990091128518,0.2303424844717642,0.5347622790079951,0.49894081462415396,0.7007689487437487
Full,3,1.0,499.33333333333337,3806.988889221388,-0.008232256382302072,0.23109998669631582,0.5336703540038024,0.49894081462415396,0.6961152150349224
Full,3,2.0,499.33333333333337,3806.988889221388,-0.003578522673475437,0.23185748892086833,0.5337619808272567,0.49894081462415396,0.6914614813260959
-health,3,0.0,315.66666666666663,2052.3219438525243,-0.07623231546316006,0.15909225496278423,0.3883528720305427,0.7369486116757695,0.7641152741157804
-health,3,1.0,315.66666666666663,2052.3219438525243,-0.06954953891402317,0.15960886203792013,0.3801743255923191,0.7317383962833675,0.7574324975666434
-health,3,2.0,315.66666666666663,2052.3219438525243,-0.06286676236488672,0.16012546911305614,0.37258601116459844,0.7265281808909665,0.7507497210175071
hard-only,3,0.0,315.66666666666663,2676.556026547284,-0.07623231546316006,0.15909225496278423,0.3883528720305427,0.7369486116757695,0.7641152741157804
hard-only,3,1.0,315.66666666666663,2676.556026547284,-0.06954953891402317,0.15960886203792013,0.3801743255923191,0.7317383962833675,0.7574324975666434
hard-only,3,2.0,315.66666666666663,2676.556026547284,-0.06286676236488672,0.16012546911305614,0.37258601116459844,0.7265281808909665,0.7507497210175071
Full,4,0.0,506.3333333333334,3945.307130590085,0.06960258524833324,0.2507269175040805,0.39738943499653234,0.42438481003338674,0.6950009843287136
Full,4,1.0,506.3333333333334,3945.307130590085,0.07260697913301105,0.25129542170758723,0.4055352338248115,0.42438481003338674,0.6919965904440358
Full,4,2.0,506.3333333333334,3945.307130590085,0.07561137301768892,0.25186392591109497,0.409460673753937,0.42438481003338674,0.688992196559358
-health,4,0.0,388.0,2337.6755039600016,-0.004097344921294382,0.2370886067757897,0.24594480723970613,0.7330836635039737,0.7687009144983412
-health,4,1.0,388.0,2337.6755039600016,0.0006291087546490048,0.23761403232132283,0.2463476808440026,0.7313561950081793,0.763974460822398
-health,4,2.0,388.0,2337.6755039600016,0.00535556243059197,0.23813945786685675,0.2474658045039877,0.7296287265123848,0.7592480071464548
hard-only,4,0.0,355.3333333333333,2787.097956823597,-0.0037052949097504837,0.21598472564171178,0.2600108300663191,0.7300278848466981,0.7683088644867974
hard-only,4,1.0,355.3333333333333,2787.097956823597,0.0013046459907222585,0.21646058090784492,0.2625505985824528,0.7198984244793942,0.7632989235863247
hard-only,4,2.0,355.3333333333333,2787.097956823597,0.00631458689119509,0.21693643617397806,0.26520494848310117,0.7097689641120911,0.7582889826858518
Full,5,0.0,577.0,4281.2591661090955,0.01781695877305941,0.24332718437621825,0.4034035446441959,0.3425618990706392,0.6784419428890005
Full,5,1.0,577.0,4281.2591661090955,0.021746270673608726,0.24377117119431557,0.3973022978257228,0.3425618990706392,0.6745126309884512
Full,5,2.0,577.0,4281.2591661090955,0.025675582574157595,0.244215158012412,0.3925474243831204,0.3425618990706392,0.6705833190879024
-health,5,0.0,368.0,2241.3517889450013,-0.05816120998597758,0.22079063836078727,0.36918212494004155,0.7238757792040776,0.7544201116480376
-health,5,1.0,368.0,2241.3517889450013,-0.05143553125201208,0.22118763019424537,0.37182205310578986,0.7210310387585668,0.747694432914072
-health,5,2.0,368.0,2241.3517889450013,-0.04470985251804616,0.2215846220277048,0.37637611548901706,0.715591926642164,0.7409687541801061
hard-only,5,0.0,376.0,2953.9853107669596,-0.060803750404695614,0.16898997729264476,0.34289347640967516,0.7219717490334739,0.7570626520667555
hard-only,5,1.0,376.0,2953.9853107669596,-0.05393364565128107,0.17185864807946705,0.3346561005493811,0.7178822793720114,0.750192547313341
hard-only,5,2.0,376.0,2953.9853107669596,-0.04706354089786634,0.1747273188662909,0.32604191238892444,0.7071085101254013,0.7433224425599263
Full,6,0.0,676.3333333333334,4388.667658972635,-0.08527690178660122,0.27387706918749377,0.25142026768873094,0.638622654807095,0.7380545807198949
Full,6,1.0,676.3333333333334,4388.667658972635,-0.08149580957560215,0.2742885452950974,0.2451134274188589,0.6377485588768604,0.7342734885088958
Full,6,2.0,676.3333333333334,4388.667658972635,-0.07771471736460334,0.27470002140270033,0.239285337583226,0.6368744629466253,0.730492396297897
-health,6,0.0,303.0,2135.290888344352,-0.11155306053687267,0.22548179691583392,0.31562324929363506,0.7363470409985952,0.7643307394701664
-health,6,1.0,303.0,2135.290888344352,-0.10398613414325811,0.22581202924693422,0.30630981543125246,0.7326488409975155,0.7567638130765518
-health,6,2.0,303.0,2135.290888344352,-0.09641920774964337,0.22614226157803496,0.2965645828177186,0.7227059561921823,0.749196886682937
hard-only,6,0.0,295.6666666666667,2837.9356358946047,-0.11102217046845628,0.2096234835472598,0.3185052120090579,0.742202034775026,0.76379984940175
hard-only,6,1.0,295.6666666666667,2837.9356358946047,-0.10356349069716111,0.20992867279254135,0.31060810744537215,0.7265826572216563,0.7563411696304547
hard-only,6,2.0,295.6666666666667,2837.9356358946047,-0.09610481092586629,0.2102338620378218,0.30306547961129526,0.7107657921299616,0.7488824898591601
Full,7,0.0,387.0,3454.1390063645686,-0.052143724746994066,0.26921249417739423,0.346747859777385,0.7225859643245133,0.7538563033752288
Full,7,1.0,387.0,3454.1390063645686,-0.04704247858556998,0.26941504545371264,0.34990828964700427,0.7156414018789556,0.7487550572138046
Full,7,2.0,387.0,3454.1390063645686,-0.04194123242414606,0.2696175967300306,0.3533291936966405,0.7086968394333972,0.7436538110523808
-health,7,0.0,345.3333333333333,2265.5056659041597,-0.06021976857142568,0.26396362130718887,0.2932105559987903,0.7283084820701305,0.7619323471996604
-health,7,1.0,345.3333333333333,2265.5056659041597,-0.05381709668269989,0.26416129092367524,0.29749152059267114,0.7252907187399161,0.7555296753109346
-health,7,2.0,345.3333333333333,2265.5056659041597,-0.047414424793974376,0.2643589605401624,0.30476840688835005,0.7133334980638182,0.7491270034222091
hard-only,7,0.0,308.6666666666667,2682.056372983895,-0.06027176785561862,0.24904981639590096,0.25375303619632406,0.7305373594740818,0.7619843464838534
hard-only,7,1.0,308.6666666666667,2682.056372983895,-0.05370874216589128,0.24912382280265344,0.25782287138390014,0.7268789348776017,0.7554213207941259
hard-only,7,2.0,308.6666666666667,2682.056372983895,-0.0471457164761641,0.24919782920940503,0.2646626372639842,0.7176918555897747,0.7488582951043988
Full,8,0.0,543.0,4480.5706199129,-0.1428346370344537,0.14974920368553946,0.5018982812156167,0.43570518423301746,0.7376647696745783
Full,8,1.0,543.0,4480.5706199129,-0.13677086949848363,0.15326992173432286,0.4935915870507983,0.43570518423301746,0.7316010021386083
Full,8,2.0,543.0,4480.5706199129,-0.1307071019625134,0.1567906397831077,0.4832846572434537,0.43570518423301746,0.7255372346026381
-health,8,0.0,314.0,2158.8969582130408,-0.16443423932914947,0.09377089152401719,0.3889802012201522,0.7310163575649856,0.7592643719692742
-health,8,1.0,314.0,2158.8969582130408,-0.15553477558041223,0.09643533402724991,0.39807205394588974,0.7238475266467268,0.7503649082205367
-health,8,2.0,314.0,2158.8969582130408,-0.146635311831675,0.09909977653048263,0.40563639452872646,0.7166786957284685,0.7414654444717996
hard-only,8,0.0,302.3333333333333,3110.7190597835665,-0.16206545450098298,0.11270922154291996,0.3785664544693188,0.7301533262196602,0.7568955871411076
hard-only,8,1.0,302.3333333333333,3110.7190597835665,-0.15306356897297557,0.11564817416906226,0.37856912842796664,0.722979834054781,0.7478937016131002
hard-only,8,2.0,302.3333333333333,3110.7190597835665,-0.14406168344496809,0.118587126795205,0.3798897590360626,0.7158063418899016,0.7388918160850927
Full,9,0.0,541.3333333333334,4583.749439694428,0.0006456227823098959,0.26404922576189316,0.42811156684462826,0.303938235475575,0.6644131173895936
Full,9,1.0,541.3333333333334,4583.749439694428,0.003936620340938201,0.26435951443478856,0.42424604621944906,0.303938235475575,0.6611221198309655
Full,9,2.0,541.3333333333334,4583.749439694428,0.007227617899566807,0.2646698031076845,0.4222397577800252,0.303938235475575,0.6578311222723368
-health,9,0.0,360.0,2331.628117774544,-0.09990610946068158,0.24939586925193413,0.38659947667838246,0.7307257170218657,0.7649648496325853
-health,9,1.0,360.0,2331.628117774544,-0.09321503830627212,0.2496829979431373,0.37730782082247116,0.7143657943230096,0.7582737784781758
-health,9,2.0,360.0,2331.628117774544,-0.08652396715186285,0.2499701266343407,0.36910684152841466,0.6980058716241545,0.7515827073237664
hard-only,9,0.0,419.0,2892.8248919717366,-0.10289245325257693,0.19455766478208802,0.43667147128174744,0.7212028948146874,0.7679511934244805
hard-only,9,1.0,419.0,2892.8248919717366,-0.09564214430001625,0.19477508731068383,0.4275273592404112,0.7180594214575616,0.7607008844719199
hard-only,9,2.0,419.0,2892.8248919717366,-0.08839183534745587,0.19499250983927863,0.4179170668943464,0.709496049920114,0.7534505755193595
Full,10,0.0,566.3333333333333,4118.559723085799,0.022595465725154418,0.2004086582228225,0.3327543764663572,0.39754597570747563,0.7106771009491114
Full,10,1.0,566.3333333333333,4118.559723085799,0.025071165365579674,0.20148175039401384,0.3297001146124061,0.39754597570747563,0.7082014013086863
Full,10,2.0,566.3333333333333,4118.559723085799,0.027546865006005294,0.2025548425652045,0.3266870113956104,0.39754597570747563,0.7057257016682607
-health,10,0.0,299.6666666666667,1947.3676093310578,-0.04522807858946566,0.20021630984543337,0.3688448863816016,0.74670929315879,0.7785006452637316
-health,10,1.0,299.6666666666667,1947.3676093310578,-0.03987007123674593,0.20128395403913157,0.3577125834656585,0.7357312917316793,0.7731426379110118
-health,10,2.0,299.6666666666667,1947.3676093310578,-0.03451206388402624,0.20235159823282967,0.3477950793238296,0.721929720653209,0.767784630558292
hard-only,10,0.0,359.6666666666667,2627.86575979895,-0.047662726567102055,0.1651647979151014,0.4381847571629034,0.7327475700035253,0.7809352932413678
hard-only,10,1.0,359.6666666666667,2627.86575979895,-0.04195698330000478,0.16605630265309534,0.42918589161357046,0.7176598241098453,0.7752295499742707
hard-only,10,2.0,359.6666666666667,2627.86575979895,-0.03625124003290773,0.16694780739108894,0.42093333008082423,0.7025720782161659,0.7695238067071737
Full,11,0.0,546.3333333333334,4491.442274104513,-0.006151990821429354,0.14489742819477747,0.5258334622810938,0.3965776510068687,0.6766687936739373
Full,11,1.0,546.3333333333334,4491.442274104513,-0.0016615516710657419,0.1482531030485087,0.5313767459135983,0.3965776510068687,0.6721783545235738
Full,11,2.0,546.3333333333334,4491.442274104513,0.002828887479297837,0.15160877790224025,0.5383978251624477,0.3965776510068687,0.6676879153732103
-health,11,0.0,349.3333333333333,2216.401942126867,-0.09067937451346653,0.1236669872021311,0.45712330478425445,0.729131433674524,0.7611961773659746
-health,11,1.0,349.3333333333333,2216.401942126867,-0.08382216956053881,0.12667377681041747,0.46289666527581197,0.7205005675816013,0.7543389724130468
-health,11,2.0,349.3333333333333,2216.401942126867,-0.07696496460761079,0.12968056641870473,0.47052555646840055,0.7118697014886797,0.7474817674601189
hard-only,11,0.0,385.6666666666667,2820.085792655282,-0.09333595439814282,0.13367906119501183,0.42529385804618136,0.720712548740852,0.7638527572506508
hard-only,11,1.0,385.6666666666667,2820.085792655282,-0.08631629762773455,0.13684950020101083,0.41595591912970686,0.7117825300309744,0.7568331004802425
hard-only,11,2.0,385.6666666666667,2820.085792655282,-0.07929664085732634,0.14001993920701028,0.4059831658824167,0.7028525113210974,0.7498134437098345
Full,12,0.0,778.0000000000001,5359.863510344815,-0.10902749073995892,0.20908508892938282,0.45121914971289234,0.301978922530634,0.6625630234239196
Full,12,1.0,778.0000000000001,5359.863510344815,-0.10291036820234847,0.21032840356461258,0.4656955723855838,0.301978922530634,0.656445900886309
Full,12,2.0,778.0000000000001,5359.863510344815,-0.0967932456647382,0.21157171819984277,0.481393413705306,0.301978922530634,0.650328778348699
-health,12,0.0,361.33333333333337,2352.736352925654,-0.20785871356245345,0.19107481091513256,0.26526270340093694,0.7286741965029017,0.761394246246414
-health,12,1.0,361.33333333333337,2352.736352925654,-0.19816437532781378,0.19220297182939994,0.2683121882063495,0.7205145475805869,0.7516999080117743
-health,12,2.0,361.33333333333337,2352.736352925654,-0.18847003709317392,0.19333113274366753,0.27230386475785107,0.710536061851744,0.7420055697771347
hard-only,12,0.0,369.0,3396.1205585757966,-0.21031924364878335,0.10107654514789799,0.30187059046285003,0.7104423385942961,0.7638547763327441
hard-only,12,1.0,369.0,3396.1205585757966,-0.20034802124942072,0.10172938206645432,0.30725201414415904,0.6999934970308823,0.7538835539333814
hard-only,12,2.0,369.0,3396.1205585757966,-0.19037679885005815,0.10238221898501043,0.31313574676106604,0.6895446554674695,0.7439123315340188
Full,13,0.0,378.6666666666667,3452.429842591002,-0.13067952448023218,0.13858475691478334,0.3530537230564046,0.7224847397745768,0.7662417685650712
Full,13,1.0,378.6666666666667,3452.429842591002,-0.12437749512208715,0.14179119352551328,0.3622419755942341,0.7136624916899048,0.759939739206926
Full,13,2.0,378.6666666666667,3452.429842591002,-0.11807546576394179,0.14499763013624334,0.371830775760952,0.7048402436052326,0.7536377098487808
-health,13,0.0,400.6666666666667,2031.0199533528407,-0.13029271351958566,0.12669914944353888,0.28597290911841866,0.7456934928778264,0.7658549576044247
-health,13,1.0,400.6666666666667,2031.0199533528407,-0.12266294637891187,0.12976344181919142,0.2836563495614184,0.7343387329215166,0.7582251904637508
-health,13,2.0,400.6666666666667,2031.0199533528407,-0.11503317923823812,0.13282773419484406,0.2819482228399155,0.7226543219069543,0.750595423323077
hard-only,13,0.0,330.6666666666667,2891.72508103333,-0.12993097193051176,0.1260760226833505,0.33060317270091844,0.7463166196380148,0.7654932160153507
hard-only,13,1.0,330.6666666666667,2891.72508103333,-0.12225987616017746,0.12910189826278606,0.32894037808182497,0.7432907440585792,0.7578221202450164
hard-only,13,2.0,330.6666666666667,2891.72508103333,-0.11458878038984306,0.13212777384222274,0.32716513144657267,0.7329204489934775,0.750151024474682
Full,14,0.0,526.3333333333334,4029.810927929091,-0.0038393396689152424,0.2518425632525596,0.5119265103279098,0.3444947433974378,0.6711764495164104
Full,14,1.0,526.3333333333334,4029.810927929091,0.00011451064684879775,0.2523627373958016,0.51181368151985,0.3444947433974378,0.6672225992006464
Full,14,2.0,526.3333333333334,4029.810927929091,0.004068360962612416,0.25288291153904296,0.5029373170710061,0.3444947433974378,0.6632687488848826
-health,14,0.0,287.66666666666663,2121.4596291976472,-0.09961658504906398,0.19975688635457445,0.48274143644381096,0.7453157690883702,0.7669536948965592
-health,14,1.0,287.66666666666663,2121.4596291976472,-0.09248188392772859,0.2001608737127194,0.4822905376731581,0.7353921366451932,0.7598189937752238
-health,14,2.0,287.66666666666663,2121.4596291976472,-0.08534718280639306,0.20056486107086435,0.4719189235765351,0.7254685042020157,0.7526842926538881
hard-only,14,0.0,378.0,2727.59246653385,-0.10355709620339808,0.224517339421757,0.44541876189792307,0.7469014339476241,0.7708942060508932
hard-only,14,1.0,378.0,2727.59246653385,-0.0966484129561649,0.22497169362687097,0.4367688161465282,0.7357846972690936,0.76398552280366
hard-only,14,2.0,378.0,2727.59246653385,-0.08973972970893186,0.22542604783198417,0.4277894031968137,0.7230265700085262,0.7570768395564269
Full,15,0.0,384.0,3188.4952227755402,0.016062381634563094,0.2334484743683355,0.34503369629423464,0.31282807356257686,0.7130435447126872
Full,15,1.0,384.0,3188.4952227755402,0.019764035436045723,0.2344443549998273,0.35005590859719726,0.31282807356257686,0.7093418909112045
Full,15,2.0,384.0,3188.4952227755402,0.023465689237528554,0.23544023563131866,0.3551814607960364,0.31282807356257686,0.7056402371097218
-health,15,0.0,291.6666666666667,2034.5292023692539,-0.039697076361504505,0.1999564255504609,0.340264902698451,0.7408954693714874,0.7688030027087549
-health,15,1.0,291.6666666666667,2034.5292023692539,-0.033774268544338015,0.20086686280291477,0.33767322424335044,0.7334108171209004,0.7628801948915884
-health,15,2.0,291.6666666666667,2034.5292023692539,-0.027851460727171606,0.2017773000553682,0.337079748103043,0.7245815825593093,0.756957387074422
hard-only,15,0.0,351.3333333333333,2769.4458743864125,-0.04099678952403577,0.22601686651030117,0.36549177753933515,0.7331180872998239,0.7701027158712861
hard-only,15,1.0,351.3333333333333,2769.4458743864125,-0.035490725212098416,0.22703561576686992,0.36622662810752704,0.7299386329481792,0.7645966515593486
hard-only,15,2.0,351.3333333333333,2769.4458743864125,-0.02998466090016102,0.22805436502343857,0.36748640612681793,0.7223209287266157,0.7590905872474113
Full,16,0.0,376.3333333333333,3229.200716636356,-0.10104164285898638,0.2628573492633921,0.3645772081479237,0.7266321421615711,0.7629729465289191
Full,16,1.0,376.3333333333333,3229.200716636356,-0.09421178687622223,0.26312878500131565,0.35519942243479496,0.7263607064236476,0.7561430905461549
Full,16,2.0,376.3333333333333,3229.200716636356,-0.08738193089345832,0.2634002207392393,0.34554662069191444,0.7260892706857239,0.7493132345633908
-health,16,0.0,330.0,2091.287906982822,-0.0983137417068155,0.24839251313162602,0.3476075847497764,0.7365556482751918,0.7602450453767482
-health,16,1.0,330.0,2091.287906982822,-0.09102760796895595,0.24864651627418533,0.336240054160045,0.7275850067314166,0.7529589116388885
-health,16,2.0,330.0,2091.287906982822,-0.0837414742310965,0.24890051941674585,0.3244123285187539,0.7133768152329946,0.7456727779010291
hard-only,16,0.0,307.0,3008.848780431367,-0.09533310183386964,0.2288567506460053,0.34202552922352947,0.7470298502125808,0.7572644055038024
hard-only,16,1.0,307.0,3008.848780431367,-0.08784263976571305,0.229089317139186,0.3297413044755466,0.7392779258884916,0.7497739434356456
hard-only,16,2.0,307.0,3008.848780431367,-0.0803521776975564,0.2293218836323666,0.3169171288093633,0.7262557562000078,0.742283481367489
Full,17,0.0,615.6666666666666,4727.023778457946,-0.01680329340760032,0.2818630643984833,0.6238856005843343,0.3048486056599877,0.6088223654905041
Full,17,1.0,615.6666666666666,4727.023778457946,-0.013054354906932141,0.2819056901535705,0.6203307897381578,0.3048486056599877,0.6050734269898359
Full,17,2.0,615.6666666666666,4727.023778457946,-0.009305416406264389,0.28194831590865743,0.6138616313416494,0.3048486056599877,0.6013244884891682
-health,17,0.0,271.0,2063.0093042072913,-0.17478177699226863,0.21776526049152978,0.3675396994580391,0.7325439945047099,0.7668008490751724
-health,17,1.0,271.0,2063.0093042072913,-0.16607589781585677,0.21779665042715157,0.3709271679237769,0.7196700101485948,0.7580949698987605
-health,17,2.0,271.0,2063.0093042072913,-0.15737001863944475,0.21782804036277326,0.37456116243254,0.7067960257924795,0.7493890907223485
hard-only,17,0.0,276.0,2849.427454845829,-0.17384926209083104,0.2295368174821384,0.36700223616360605,0.7572546736020207,0.7658683341737349
hard-only,17,1.0,276.0,2849.427454845829,-0.1650803674406028,0.22957004443087015,0.3699441376737478,0.7439107053224887,0.7570994395235066
hard-only,17,2.0,276.0,2849.427454845829,-0.15631147279037466,0.22960327137960157,0.3731015728486937,0.7297060865760999,0.7483305448732784
Full,18,0.0,521.0,3600.2946310397924,0.07346835697067686,0.21464459469542385,0.4925434331302019,0.3177827449601506,0.6810396113174177
Full,18,1.0,521.0,3600.2946310397924,0.07646006258772647,0.2154875896890388,0.4968650258894105,0.3177827449601506,0.6780479057003683
Full,18,2.0,521.0,3600.2946310397924,0.07945176820477581,0.21633058468265298,0.5010984680192547,0.3177827449601506,0.675056200083319
-health,18,0.0,355.00000000000006,2024.1879192029508,-0.007684021268079122,0.2008382625468096,0.5036327181114424,0.7462919613414698,0.7621919895561738
-health,18,1.0,355.00000000000006,2024.1879192029508,-0.00244627713762241,0.20163364916858162,0.49595490618494154,0.740542290534732,0.7569542454257172
-health,18,2.0,355.00000000000006,2024.1879192029508,0.0027914669928344573,0.20242903579035298,0.47978611669210225,0.7345748820951419,0.7517165012952602
hard-only,18,0.0,338.6666666666667,2871.7308548563196,-0.00856502353128009,0.2265040411107434,0.4497846833887764,0.7240871067234581,0.7630729918193748
hard-only,18,1.0,338.6666666666667,2871.7308548563196,-0.003520859080062122,0.22739583677136466,0.44383430205119456,0.7193199459138037,0.7580288273681568
hard-only,18,2.0,338.6666666666667,2871.7308548563196,0.0015233053711560473,0.2282876324319869,0.431605136003399,0.7145527851041482,0.7529846629169387
Full,19,0.0,349.99999999999994,2800.479424580926,-0.040934372628449324,0.18245511647124812,0.39770354896129834,0.7500335594476605,0.7721332727123169
Full,19,1.0,349.99999999999994,2800.479424580926,-0.03555733179078739,0.1837417046197113,0.4069476548559321,0.743783416938291,0.766756231874655
Full,19,2.0,349.99999999999994,2800.479424580926,-0.030180290953125733,0.18502829276817423,0.4144794366369966,0.7375332744289215,0.7613791910369934
-health,19,0.0,285.0,2159.277284111846,-0.039169979300733015,0.1750426067507419,0.3417499152558374,0.7496168388629902,0.7703688793846007
-health,19,1.0,285.0,2159.277284111846,-0.033473855325980004,0.17608762011250367,0.35049692964044343,0.7438732209703535,0.7646727554098477
-health,19,2.0,285.0,2159.277284111846,-0.02777773135122715,0.17713263347426578,0.36175607947338273,0.736755216217081,0.7589766314350949
hard-only,19,0.0,334.3333333333333,2675.6143740110583,-0.040434204721232714,0.18626422454875446,0.35621227009884704,0.7447000710359782,0.7716331048051004
hard-only,19,1.0,334.3333333333333,2675.6143740110583,-0.034720065347394205,0.18755870431384425,0.3686615124378354,0.7349880551623468,0.7659189654312618
hard-only,19,2.0,334.3333333333333,2675.6143740110583,-0.02900592597355558,0.1888531840789337,0.37738951003163557,0.7252760392887158,0.7602048260574232
Full,20,0.0,714.3333333333333,4935.2929385363705,-0.22452431518904295,0.15899775858230158,0.29202672120361717,0.7031848835067097,0.7613596235499096
Full,20,1.0,714.3333333333333,4935.2929385363705,-0.218319131059155,0.16281078035087682,0.28921705032031264,0.6958237197776315,0.7551544394200217
Full,20,2.0,714.3333333333333,4935.2929385363705,-0.212113946929267,0.16662380211945227,0.2863432276123947,0.6884625560485531,0.7489492552901337
-health,20,0.0,315.0,2097.3809683888317,-0.22698271841683,0.12321589610435546,0.32671022495395396,0.7371883285716815,0.7638180267776967
-health,20,1.0,315.0,2097.3809683888317,-0.2171159045145928,0.12631185409104095,0.3234107569122697,0.7238114334317075,0.7539512128754595
-health,20,2.0,315.0,2097.3809683888317,-0.20724909061235564,0.12940781207772667,0.318260350202795,0.7081081223392619,0.7440843989732224
hard-only,20,0.0,310.6666666666667,2953.231714835364,-0.22804122331373775,0.11930704103800871,0.2990424307088091,0.735842765121646,0.7648765316746043
hard-only,20,1.0,310.6666666666667,2953.231714835364,-0.2181311833610283,0.12233465871991067,0.2974829512381265,0.7197841765380621,0.754966491721895
hard-only,20,2.0,310.6666666666667,2953.231714835364,-0.20822114340831926,0.12536227640181286,0.2958169763524374,0.7037255879544793,0.7450564517691859
Full,21,0.0,726.0,5017.72260482845,-0.056408231869906414,0.268878559737584,0.3326951571564558,0.4466398318045466,0.7291786016998951
Full,21,1.0,726.0,5017.72260482845,-0.05329596247327199,0.26901111852877435,0.32433098324967213,0.4466398318045466,0.7260663323032608
Full,21,2.0,726.0,5017.72260482845,-0.05018369307663758,0.2691436773199646,0.31597530838189014,0.4466398318045466,0.7229540629066264
-health,21,0.0,335.66666666666663,1964.6881024422735,-0.08979543840634922,0.23954049575855563,0.2985918155598357,0.74222794178555,0.762565808236338
-health,21,1.0,335.66666666666663,1964.6881024422735,-0.08276822162425365,0.23965571695665455,0.2876361014788198,0.7290948422111123,0.7555385914542424
-health,21,2.0,335.66666666666663,1964.6881024422735,-0.07574100484215848,0.23977093815475325,0.27619468471853237,0.7159617426366749,0.7485113746721472
hard-only,21,0.0,344.6666666666667,2815.1173686397365,-0.09237481561708814,0.26217164168226526,0.2948243911371331,0.7179032868322164,0.765145185447077
hard-only,21,1.0,344.6666666666667,2815.1173686397365,-0.08567014341256739,0.2622993368847858,0.2899197143239114,0.7034837667770049,0.7584405132425561
hard-only,21,2.0,344.6666666666667,2815.1173686397365,-0.0789654712080464,0.26242703208730667,0.28559968349557163,0.6890642467217929,0.751735841038035
Full,22,0.0,525.6666666666666,5052.502429459162,-0.06766455548676777,0.209322370095395,0.4571919665599993,0.33509890655115804,0.6676843483903693
Full,22,1.0,525.6666666666666,5052.502429459162,-0.06247344796003237,0.21085734468020112,0.45963200769666446,0.33509890655115804,0.6624932408636339
Full,22,2.0,525.6666666666666,5052.502429459162,-0.057282340433296865,0.21239231926500834,0.4627547819302209,0.33509890655115804,0.6573021333368985
-health,22,0.0,360.3333333333333,2282.080975085136,-0.17081829066104653,0.21465546455571405,0.3119196263049966,0.7257356341325437,0.7708380835646481
-health,22,1.0,360.3333333333333,2282.080975085136,-0.16227438150602583,0.21619734757460007,0.31518274904603283,0.72039011749998,0.7622941744096274
-health,22,2.0,360.3333333333333,2282.080975085136,-0.15373047235100523,0.21773923059348532,0.3193811339756949,0.704100823441634,0.7537502652546069
hard-only,22,0.0,358.3333333333333,2904.197530121748,-0.16799154974670683,0.12937515801235389,0.294214643028502,0.7204652405015052,0.7680113426503083
hard-only,22,1.0,358.3333333333333,2904.197530121748,-0.1591431512451446,0.13037858483382136,0.29150770632111445,0.7029855470353611,0.7591629441487463
hard-only,22,2.0,358.3333333333333,2904.197530121748,-0.15029475274358228,0.1313820116552894,0.2885786777880237,0.6855058535692163,0.7503145456471839
Full,23,0.0,590.3333333333334,4517.450816008393,-0.05896852479751258,0.12003841739361232,0.502757155569421,0.3446976272005844,0.6785020068818498
Full,23,1.0,590.3333333333334,4517.450816008393,-0.05349836099427755,0.1252388586750357,0.4983185143481108,0.3446976272005844,0.6730318430786149
Full,23,2.0,590.3333333333334,4517.450816008393,-0.04802819719104277,0.13043929995645787,0.49792780345724297,0.3446976272005844,0.66756167927538
-health,23,0.0,308.00000000000006,2222.944714785815,-0.13422559838182274,0.060048365792578884,0.38759679718613294,0.7378878585634229,0.75375908046616
-health,23,1.0,308.00000000000006,2222.944714785815,-0.12557263375760555,0.06402023284754388,0.3867352813065221,0.726842057269178,0.7451061158419428
-health,23,2.0,308.00000000000006,2222.944714785815,-0.11691966913338817,0.0679920999025091,0.38578918782801175,0.7117576956068737,0.7364531512177254
hard-only,23,0.0,300.3333333333333,2895.6210774167826,-0.13608195856081262,0.07115350990802549,0.3817029202139637,0.7365736043704139,0.7556154406451498
hard-only,23,1.0,300.3333333333333,2895.6210774167826,-0.12744547174906207,0.07535248499489111,0.37919267197059425,0.7205989207493284,0.7469789538333994
hard-only,23,2.0,300.3333333333333,2895.6210774167826,-0.11880898493731125,0.07955146008175629,0.3776066743513944,0.7046242371282427,0.7383424670216485
Full,24,0.0,707.0000000000001,4685.496993497575,-0.055433149452550026,0.23036376199237996,0.4649446301689939,0.32166439541288444,0.6654506053366801
Full,24,1.0,707.0000000000001,4685.496993497575,-0.05096944975413179,0.23138728003399733,0.465741704629113,0.32166439541288444,0.6609869056382618
Full,24,2.0,707.0000000000001,4685.496993497575,-0.046505750055713425,0.23241079807561504,0.4610314922045742,0.32166439541288444,0.6565232059398436
-health,24,0.0,282.33333333333337,2095.778190040134,-0.1560693068305407,0.19831843479381372,0.38132466380209373,0.7432591672094593,0.7660867627146708
-health,24,1.0,282.33333333333337,2095.778190040134,-0.14802758761024074,0.19919711526152795,0.3818565071283466,0.7296366340995971,0.7580450434943709
-health,24,2.0,282.33333333333337,2095.778190040134,-0.13998586838994076,0.20007579572924317,0.3826366831832597,0.7160141009897341,0.7500033242740709
hard-only,24,0.0,270.0,2679.0620052921795,-0.15481930783527262,0.21729341191145535,0.3746392514876642,0.7427742303472424,0.7648367637194028
hard-only,24,1.0,270.0,2679.0620052921795,-0.1465660943618367,0.21824667407867593,0.37426937734705135,0.7385959763411236,0.7565835502459668
hard-only,24,2.0,270.0,2679.0620052921795,-0.1383128808884008,0.2191999362458964,0.3743963181071921,0.7278689582130999,0.7483303367725309
Full,25,0.0,643.6666666666666,5022.265194623195,-0.009383200490785514,0.21518356252773996,0.4780726234540409,0.4027034875465211,0.7007300555456308
Full,25,1.0,643.6666666666666,5022.265194623195,-0.006061536113131372,0.21671818850660762,0.4845049012140592,0.4027034875465211,0.6974083911679767
Full,25,2.0,643.6666666666666,5022.265194623195,-0.0027398717354771398,0.21825281448547573,0.4910206586643584,0.4027034875465211,0.6940867267903225
-health,25,0.0,368.3333333333333,2153.554032924886,-0.0811052411618354,0.19455184263489433,0.4110963258204805,0.7274558529925045,0.7724520962166808
-health,25,1.0,368.3333333333333,2153.554032924886,-0.07511876858464585,0.19592004317006906,0.4150832639937547,0.7192099271859171,0.7664656236394912
-health,25,2.0,368.3333333333333,2153.554032924886,-0.06913229600745606,0.197288243705245,0.41926796786055687,0.7109640013793302,0.7604791510623012
hard-only,25,0.0,338.0,2762.160235490247,-0.0777869893586586,0.17338877162955513,0.39407341269700114,0.7392604106600322,0.7691338444135039
hard-only,25,1.0,338.0,2762.160235490247,-0.07138157892095473,0.17461867114867557,0.39332693463017243,0.7314267745811328,0.7627284339758
hard-only,25,2.0,338.0,2762.160235490247,-0.06497616848325083,0.1758485706677957,0.3930683473206207,0.7235931385022328,0.7563230235380961
Full,26,0.0,505.0,4208.584792705722,-0.04866301936427534,0.23838544251211413,0.3717328825113666,0.48011293993305404,0.7288067516770731
Full,26,1.0,505.0,4208.584792705722,-0.04507208481739683,0.23904971787901852,0.38295392340506984,0.48011293993305404,0.7252158171301946
Full,26,2.0,505.0,4208.584792705722,-0.041481150270518394,0.23971399324592313,0.3945311421883755,0.48011293993305404,0.7216248825833163
-health,26,0.0,325.33333333333337,2168.8637879388243,-0.09877055319086422,0.2374389503198262,0.23594974833151694,0.7362536694029229,0.7789142855036622
-health,26,1.0,325.33333333333337,2168.8637879388243,-0.09261974255502904,0.23808471243455898,0.23643656769183186,0.7322268552342364,0.7727634748678269
-health,26,2.0,325.33333333333337,2168.8637879388243,-0.08646893191919384,0.23873047454929197,0.2371201172678239,0.7238554747354892,0.7666126642319917
hard-only,26,0.0,378.0,2794.5698889053,-0.10201821344289308,0.24957628219196737,0.25933149085430984,0.7241163375307818,0.7821619457556908
hard-only,26,1.0,378.0,2794.5698889053,-0.09594180588101765,0.2502622892191054,0.2602373563377194,0.7158890711699489,0.7760855381938154
hard-only,26,2.0,378.0,2794.5698889053,-0.08986539831914206,0.2509482962462428,0.2611958626306492,0.7071771611760459,0.7700091306319398
Full,27,0.0,614.3333333333334,4805.649224256009,-0.05095518193702477,0.19801873556602112,0.32466594715017383,0.4272712675976485,0.7199821674097768
Full,27,1.0,614.3333333333334,4805.649224256009,-0.04685123956334961,0.20082779479134794,0.32702740772407357,0.4272712675976485,0.7158782250361017
Full,27,2.0,614.3333333333334,4805.649224256009,-0.04274729718967437,0.20363685401667597,0.33117718924253015,0.4272712675976485,0.7117742826624264
-health,27,0.0,299.0,2149.14508397011,-0.0913235586151156,0.18484818338519793,0.25468105195741675,0.7442265373484991,0.7603505440878676
-health,27,1.0,299.0,2149.14508397011,-0.08393296964882706,0.18635807985923836,0.2444092202267596,0.7339305338405314,0.7529599551215791
-health,27,2.0,299.0,2149.14508397011,-0.07654238068253841,0.1878679763332789,0.23562250448422795,0.7208535211546122,0.7455693661552905
hard-only,27,0.0,290.0,2873.359431391777,-0.09049364358704341,0.16187583935428063,0.24135279868899429,0.7458190014515208,0.7595206290597954
hard-only,27,1.0,290.0,2873.359431391777,-0.08315720197950828,0.1632285920650205,0.2323275518732002,0.7358044928236271,0.7521841874522603
hard-only,27,2.0,290.0,2873.359431391777,-0.07582076037197293,0.16458134477576047,0.22302261006829727,0.7225985170733777,0.7448477458447249
Full,28,0.0,600.6666666666666,4966.810713422113,-0.03838392163127857,0.25358194413468427,0.4524150483830063,0.31175271691063217,0.665937307586119
Full,28,1.0,600.6666666666666,4966.810713422113,-0.03412348475919774,0.25427967795804485,0.449012444048438,0.31175271691063217,0.661676870714038
Full,28,2.0,600.6666666666666,4966.810713422113,-0.0298630478871173,0.25497741178140443,0.4455544762929391,0.31175271691063217,0.6574164338419576
-health,28,0.0,319.3333333333333,2220.631958800163,-0.13106127867739684,0.21008012097564344,0.32958328332392095,0.7318714321512321,0.7586146646322371
-health,28,1.0,319.3333333333333,2220.631958800163,-0.12264890261947961,0.21065280153004473,0.3268838515498884,0.7203652080246176,0.7502022885743199
-health,28,2.0,319.3333333333333,2220.631958800163,-0.11423652656156225,0.21122548208444647,0.3255391326007313,0.7088589838980026,0.7417899125164025
hard-only,28,0.0,309.66666666666663,2806.1580544951576,-0.13066195146375476,0.20676894216531494,0.3462819078732138,0.7404720698613356,0.758215337418595
hard-only,28,1.0,309.66666666666663,2806.1580544951576,-0.12239571108708391,0.20733085863870693,0.3464638937225184,0.7240067856864802,0.7499490970419243
hard-only,28,2.0,309.66666666666663,2806.1580544951576,-0.11412947071041339,0.20789277511209936,0.34473344722464017,0.7075385396822378,0.7416828566652536
Full,29,0.0,615.6666666666667,4037.1298568886004,0.026564169493972604,0.2508158695578031,0.36874178447833184,0.31988456043043434,0.7152284143120723
Full,29,1.0,615.6666666666667,4037.1298568886004,0.02964635874292539,0.2517400710928547,0.3703709948944447,0.31988456043043434,0.7121462250631195
Full,29,2.0,615.6666666666667,4037.1298568886004,0.032728547991878125,0.2526642726279059,0.3659481883942124,0.31988456043043434,0.7090640358141667
-health,29,0.0,283.0,1993.6869742649749,-0.0249632038654856,0.21456864473409953,0.3859039102836803,0.7497188752427801,0.7667557876715303
-health,29,1.0,283.0,1993.6869742649749,-0.01946418132189138,0.21533803708281973,0.3852938650246096,0.7380280952274804,0.7612567651279363
-health,29,2.0,283.0,1993.6869742649749,-0.013965158778296988,0.21610742943153916,0.3782917138242221,0.7252754914585036,0.7557577425843418
hard-only,29,0.0,283.0,2510.101806652885,-0.0249632038654856,0.21456864473409953,0.3859039102836803,0.7497188752427801,0.7667557876715303
hard-only,29,1.0,283.0,2510.101806652885,-0.01946418132189138,0.21533803708281973,0.3852938650246096,0.7380280952274804,0.7612567651279363
hard-only,29,2.0,283.0,2510.101806652885,-0.013965158778296988,0.21610742943153916,0.3782917138242221,0.7252754914585036,0.7557577425843418
Full,30,0.0,378.6666666666667,3633.1260265825754,0.028172781663989066,0.17737693400559373,0.46946382618686244,0.4751211043733303,0.704326835749482
Full,30,1.0,378.6666666666667,3633.1260265825754,0.03216785951708082,0.1793779351250685,0.4781428927691589,0.4751211043733303,0.7003317578963901
Full,30,2.0,378.6666666666667,3633.1260265825754,0.03616293737017253,0.18137893624454304,0.48141784678801636,0.4751211043733303,0.6963366800432984
-health,30,0.0,281.6666666666667,1851.353629967009,-0.03930338549768157,0.14772667403547934,0.39114467351794,0.7528222654173522,0.7718030029111526
-health,30,1.0,281.6666666666667,1851.353629967009,-0.03368749142163733,0.14906922616356777,0.38592473417646356,0.7465108751476406,0.7661871088351084
-health,30,2.0,281.6666666666667,1851.353629967009,-0.02807159734559279,0.15041177829165664,0.3774503207671398,0.7370616977665564,0.7605712147590638
hard-only,30,0.0,261.66666666666663,2362.0465283935346,-0.03938965413369775,0.16558884049890243,0.3612495037649879,0.7525085973047544,0.7718892715471688
hard-only,30,1.0,261.66666666666663,2362.0465283935346,-0.03384469745518929,0.1674474963758359,0.3628307255939287,0.7506355123812387,0.7663443148686603
hard-only,30,2.0,261.66666666666663,2362.0465283935346,-0.028299740776681192,0.16932058129935057,0.366050566912544,0.7405556306391735,0.7607993581901521
