arm,lam,seed,delta_h_mean,delta_h_max,gini_delta_h,delta_h_low_mean,delta_h_high_mean,h_end_min_lowgrp,share_low
full,0.0,1,-0.1355769449412771,0.141020626644065,0.4569156808940038,-0.30170165362032236,0.030547763737768196,0.7452476019220486,0.48
hard,0.0,1,0.044087540463962446,0.18849426985825357,0.6426461120290317,0.0,0.08817508092792489,0.35233843751553295,0.0
nohealth,0.0,1,-0.13390296789781167,0.151712306246776,0.4657272976061515,-0.30448729531096136,0.03668135951533802,0.7501798980726988,0.5
full,0.0,2,-0.13781428074258856,0.184929168428269,0.33172269076478944,-0.36640751440316827,0.09077895291799117,0.7513166130942707,0.5
hard,0.0,2,0.06832056278344792,0.22851583777842388,0.632015175021583,0.0,0.13664112556689584,0.31682425077358367,0.0
nohealth,0.0,2,-0.1370014718863803,0.15400384210189855,0.3456659255581571,-0.35229835847385593,0.07829541470109543,0.7493617835816818,0.52
full,0.0,3,0.0021948621446196137,0.22728118287450683,0.3931161940121577,-0.15473362222689585,0.15912334651613508,0.3213078229153842,0.18
hard,0.0,3,0.0867917690850248,0.2514654302555809,0.6003116728199056,0.0,0.1735835381700496,0.3213078229153842,0.0
nohealth,0.0,3,-0.10993322431809038,0.2280559989731662,0.30667143027908295,-0.35483656304094274,0.13497011440476195,0.7541113467126156,0.44
full,0.0,4,-0.05033287841433474,0.2558351583109242,0.370760696454008,-0.26033696403189677,0.15967120720322728,0.36807036336773774,0.24
hard,0.0,4,0.09077383967257086,0.2604288339103431,0.5857987933527835,0.0,0.1815476793451417,0.32987043548338324,0.0
nohealth,0.0,4,-0.10307546559199914,0.2211927599952127,0.30668177574722333,-0.3505763289334439,0.14442539774944566,0.7584948416368981,0.46
full,0.0,5,0.03732547405439908,0.25436580823045796,0.5031485324639964,-0.06984450204545087,0.14449545015424903,0.3278889415819196,0.22
hard,0.0,5,0.08194431459090432,0.28928024890016546,0.6578622747869516,0.0,0.16388862918180863,0.3278889415819196,0.0
nohealth,0.0,5,-0.08674298002816175,0.19914235235764888,0.35114640166147204,-0.28861776795653976,0.11513180790021627,0.7138863539098453,0.48
full,0.0,6,-0.15254428539431325,0.07002707412507647,0.49591160664319167,-0.3322404365149761,0.027151865726349533,0.7542764289995524,0.48
hard,0.0,6,0.03516597650460943,0.14366790747874236,0.6793801349136352,0.0,0.07033195300921886,0.32863531176746946,0.0
nohealth,0.0,6,-0.15661557057219871,0.08766893227649686,0.47665776263236803,-0.3307538888511661,0.01752274770676867,0.737699703478487,0.48
full,0.0,7,0.01583735530594771,0.2926028011835272,0.29549328409542386,-0.22728964023377712,0.25896435084567254,0.3601785217252042,0.14
hard,0.0,7,0.13596866966507198,0.2973997694427686,0.524102020805546,0.0,0.27193733933014397,0.30940883840000394,0.0
nohealth,0.0,7,-0.0751092348236864,0.2431757026371305,0.17037164345884648,-0.366307039089997,0.21608856944262422,0.7295991266801546,0.52
full,0.0,8,-0.03139195839946374,0.20666492571325445,0.4813371352291551,-0.14668510148090377,0.0839011846819763,0.32032786237925137,0.26
hard,0.0,8,0.05064202513305065,0.22790339958080696,0.690952833980625,0.0,0.1012840502661013,0.32032786237925137,0.0
nohealth,0.0,8,-0.12179449869548373,0.16858045641274422,0.4727610729096321,-0.28712857163410177,0.04353957424313439,0.7406196701887712,0.54
full,0.0,9,-0.03371909675182885,0.19597818198247652,0.49395648511527135,-0.15633607804202168,0.08889788453836397,0.37073366093323484,0.18
hard,0.0,9,0.051469119452565826,0.19611238219002447,0.6682358329421492,0.0,0.10293823890513165,0.37073366093323484,0.0
nohealth,0.0,9,-0.11779748130711001,0.14231746790342514,0.3679185288837563,-0.287791408586435,0.052196445972214976,0.7404239126935387,0.48
full,0.0,10,-0.0286974975402478,0.23724305483378372,0.31213587597712666,-0.22673217825542577,0.16933718317493016,0.3390643909447751,0.22
hard,0.0,10,0.0918415029226007,0.25711000587237764,0.5883241794164094,0.0,0.1836830058452014,0.3390643909447751,0.0
nohealth,0.0,10,-0.09556702871092618,0.15233421291318583,0.3184005079892529,-0.302065524060972,0.11093146663911964,0.7373187714461974,0.52
full,0.0,11,-0.08391612150459891,0.24976286112656843,0.3187244383907897,-0.27945528331612834,0.11162304030693053,0.718383135437231,0.2
hard,0.0,11,0.0631887181669415,0.28301735120572014,0.7163765674664015,0.0,0.126377436333883,0.45073443288627635,0.0
nohealth,0.0,11,-0.09365522609056123,0.19885016368668396,0.30587930139886454,-0.24405272415363624,0.05674227197251376,0.7287346697168445,0.56
full,0.0,12,-0.048865849932572834,0.23842862777288476,0.48349131436694814,-0.20736846339399082,0.10963676352884517,0.3130542734150614,0.14
hard,0.0,12,0.06383524918221761,0.24486293145194304,0.6842159836919193,0.0,0.12767049836443523,0.3130542734150614,0.0
nohealth,0.0,12,-0.12699160601945955,0.1993484841193912,0.35858238787620755,-0.325857779314905,0.07187456727598587,0.7435503385786425,0.52
full,0.0,13,0.06884137760940595,0.27777285794697026,0.43225078258600713,-0.07496881326686163,0.21265156848567351,0.40337630160904503,0.22
hard,0.0,13,0.11303760372495461,0.2891260086158599,0.5890971887039673,0.0,0.22607520744990922,0.40337630160904503,0.0
nohealth,0.0,13,-0.04515044821743772,0.251091874437784,0.21116897015142655,-0.2690579259983742,0.17875702956349873,0.7514109877286134,0.44
full,0.0,14,-0.04725734270176511,0.16633180524639113,0.4873095779735541,-0.2061236078334983,0.11160892242996807,0.3184417814980253,0.14
hard,0.0,14,0.06319345159815085,0.1770775735853405,0.5757896501739308,0.0,0.1263869031963017,0.30680354550185696,0.0
nohealth,0.0,14,-0.16014215359445774,0.11909522650285809,0.42237442207871734,-0.3820055728857242,0.06172126569680867,0.7395571535276861,0.52
full,0.0,15,-0.1345922329873444,0.19768523334879495,0.3276235048251972,-0.35780005999107994,0.08861559401639119,0.766173727540101,0.48
hard,0.0,15,0.06835154492447773,0.24441499669490052,0.6906888622890772,0.0,0.13670308984895546,0.35453568606737923,0.0
nohealth,0.0,15,-0.13902038162846203,0.17643522635346331,0.33741077594827606,-0.33720172042807056,0.059160957171146486,0.7286193990084314,0.56
full,0.0,16,-0.027940853409711024,0.18294715846147336,0.4597539575386551,-0.1705574911089157,0.11467578428949363,0.306164891857608,0.28
hard,0.0,16,0.0693567442107003,0.20268152158660568,0.6407092759461623,0.0,0.1387134884214006,0.306164891857608,0.0
nohealth,0.0,16,-0.1237984262496696,0.17646359031089043,0.34362940633337735,-0.3321432289003917,0.0845463764010526,0.7297161314371886,0.54
full,0.0,17,-0.03596483441945157,0.2371812323838448,0.4953603601233507,-0.19103977994283397,0.11911011110393084,0.4148661270249999,0.24
hard,0.0,17,0.07012555009039453,0.25872710587737713,0.673277785027742,0.0,0.14025110018078907,0.4148661270249999,0.0
nohealth,0.0,17,-0.11090515939290399,0.2376871980571843,0.3023543461171163,-0.2945720661847372,0.07276174739892922,0.7262567207032761,0.52
full,0.0,18,-0.001622050017867116,0.20814397506591908,0.2953938267405294,-0.16608655786118437,0.16284245782545012,0.4558863766453769,0.24
hard,0.0,18,0.08835527606720102,0.2439067781488653,0.596710110681347,0.0,0.17671055213440204,0.42521318803445496,0.0
nohealth,0.0,18,-0.05895999783389905,0.1695819516895387,0.24075109236380654,-0.2385759434057612,0.12065594773796309,0.7453452989471389,0.58
full,0.0,19,-0.03353303677462049,0.24669754614806316,0.42518797248118867,-0.21493033161905584,0.14786425806981487,0.3029397554043654,0.18
hard,0.0,19,0.08120406278813537,0.26454541481074745,0.6286572930971905,0.0,0.16240812557627074,0.3029397554043654,0.0
nohealth,0.0,19,-0.12283303274769211,0.18118454729737987,0.3033226511805258,-0.36703950519283624,0.12137343969745196,0.7668495093831128,0.42
full,0.0,20,-0.10186579618032635,0.13489743448376568,0.3700783948730493,-0.27185185135832934,0.06812025899767667,0.7632382399979406,0.5
hard,0.0,20,0.05835308711905696,0.18494769413101664,0.627494485671668,0.0,0.11670617423811391,0.42345039645223287,0.0
nohealth,0.0,20,-0.10213773151287078,0.10768020689437452,0.3656458163240506,-0.2633243989397807,0.059048935914039126,0.7351197158600167,0.56
full,0.0,21,0.0020776197364966386,0.24706271432490046,0.41117268743086544,-0.12415154009623872,0.128306779569232,0.36783207786804173,0.2
hard,0.0,21,0.07562472187586172,0.2417769682430756,0.6623606513966149,0.0,0.15124944375172344,0.36783207786804173,0.0
nohealth,0.0,21,-0.08954548527614917,0.14778189045305634,0.3305238671378252,-0.2593829918658409,0.08029202131354263,0.7325158588353333,0.54
full,0.0,22,-0.0027581344157416423,0.268036771222426,0.4247412116116387,-0.15042480817244558,0.14490853934096232,0.3137393541194783,0.3
hard,0.0,22,0.08654855104118897,0.2797395488261585,0.6561959693921946,0.0,0.17309710208237794,0.3137393541194783,0.0
nohealth,0.0,22,-0.09555635375362294,0.23773934102460492,0.35484116906967467,-0.3150730474151627,0.12396033990791673,0.7363462157776988,0.44
full,0.0,23,-0.09841642376321555,0.202341683360569,0.36629372938704274,-0.3015135923569775,0.10468074483054646,0.7378972199282421,0.5
hard,0.0,23,0.07337804867075925,0.2317140919515438,0.6383388352986958,0.0,0.1467560973415185,0.3158085206812917,0.0
nohealth,0.0,23,-0.10326400961762043,0.18069097726281969,0.39179251657101144,-0.2931095872515551,0.08658156801631425,0.7214910756607681,0.54
full,0.0,24,-0.018863005832348734,0.24965586307215204,0.4141928615713262,-0.17807586239280512,0.14034985072810766,0.30667490420366283,0.16
hard,0.0,24,0.0716065170284519,0.2438206089759407,0.6206556261642149,0.0,0.1432130340569038,0.30667490420366283,0.0
nohealth,0.0,24,-0.10875646135597412,0.1779680311226579,0.3601586118874902,-0.3014650164779666,0.08395209376601842,0.7576793154600955,0.52
full,0.0,25,-0.08541305822234029,0.12065836659806428,0.45771225685750294,-0.25024932421673196,0.07942320777205136,0.3938311204652987,0.18
hard,0.0,25,0.04397502559611308,0.13330885521183744,0.6194054957955635,0.0,0.08795005119222617,0.33441176769914865,0.0
nohealth,0.0,25,-0.15807704444581636,0.07836262598941823,0.45182058552316207,-0.3449419949976904,0.028787906106057637,0.7447586096942117,0.5
full,0.0,26,-0.04051594869667964,0.22922489595856343,0.33358504681904,-0.23027002474468555,0.1492381273513263,0.3074937805257015,0.26
hard,0.0,26,0.08369138615263995,0.26961675586440836,0.6585402905681887,0.0,0.1673827723052799,0.3074937805257015,0.0
nohealth,0.0,26,-0.11193494953687899,0.18619900380127918,0.33328882958323924,-0.31584146724479234,0.09197156817103433,0.7347376361412151,0.52
full,0.0,27,-0.1123886871502088,0.18346873753307202,0.32142849125967987,-0.31718979433746314,0.09241242003704549,0.7440207890143686,0.48
hard,0.0,27,0.06529417259176695,0.2146278471927946,0.6775300154032686,0.0,0.1305883451835339,0.4267015788733378,0.0
nohealth,0.0,27,-0.1148004692748692,0.14159128588928105,0.3246842000294985,-0.30918926540719516,0.07958832685745676,0.7408700769209817,0.46
full,0.0,28,-0.023102006575249308,0.24596699816348688,0.427721391179007,-0.18788984876843634,0.14168583561793774,0.34964960671307627,0.12
hard,0.0,28,0.0779585604168052,0.263337922755179,0.6558325014978925,0.0,0.1559171208336104,0.34964960671307627,0.0
nohealth,0.0,28,-0.10237784219822063,0.21291600598235705,0.3269017177675586,-0.315246103140074,0.11049041874363275,0.751217792106275,0.46
full,0.0,29,-0.024022086958534205,0.27709730383376996,0.5104809002188528,-0.15318247466374185,0.10513830074667344,0.3368144063294138,0.2
hard,0.0,29,0.06772296375884015,0.2785319809557256,0.6603096484064144,0.0,0.1354459275176803,0.3368144063294138,0.0
nohealth,0.0,29,-0.11701259454375963,0.23932459282159846,0.34944570913854256,-0.3119505453320546,0.07792535624453534,0.7388720916974195,0.52
full,0.0,30,-0.01119615826214182,0.27022800520175816,0.4660734699173421,-0.1454583139209161,0.12306599739663246,0.34748439816501486,0.18
hard,0.0,30,0.06852527676926908,0.2720013199069987,0.7028762673649347,0.0,0.13705055353853815,0.34748439816501486,0.0
nohealth,0.0,30,-0.11319158345498523,0.2186693987709265,0.37092646690078857,-0.29626170879899916,0.06987854188902869,0.7268733954336918,0.56
full,1.0,1,-0.1271179937836566,0.14317627899687047,0.4496327177864172,-0.2892599327218706,0.03502394515455742,0.7307998095974559,0.48
hard,1.0,1,0.047010200537167056,0.1911674800199048,0.6305947260420346,0.0,0.09402040107433411,0.35233843751553295,0.0
nohealth,1.0,1,-0.12550127135014968,0.15395955887805624,0.45782738776892673,-0.2922663667877642,0.04126382408746485,0.7377211978804347,0.5
full,1.0,2,-0.1301363529275143,0.18615302903939568,0.3264676918913436,-0.3545204658547754,0.09424775999974677,0.7377661177323475,0.5
hard,1.0,2,0.07048340608994887,0.23000813823088773,0.6236172586078694,0.0,0.14096681217989773,0.31682425077358367,0.0
nohealth,1.0,2,-0.12902667743904347,0.15504197396550723,0.3405494877150266,-0.3396359410433115,0.08158258616522458,0.7378818780391904,0.52
full,1.0,3,0.00564390469855035,0.22832213581113825,0.38555197842935307,-0.15096433877161752,0.16225214816871822,0.3213078229153842,0.18
hard,1.0,3,0.08843588120491531,0.2526077142515082,0.595773723278028,0.0,0.17687176240983063,0.3213078229153842,0.0
nohealth,1.0,3,-0.1028774986743557,0.2290757404828816,0.2970999405166588,-0.3434286076154919,0.13767361026678046,0.7433102493786595,0.44
full,1.0,4,-0.04712961751009555,0.25636123142353595,0.36768128777066766,-0.2564120716348449,0.16215283661465382,0.36807036336773774,0.24
hard,1.0,4,0.09219645071149338,0.26097176792099097,0.582126469442817,0.0,0.18439290142298675,0.32987043548338324,0.0
nohealth,1.0,4,-0.09644155748640634,0.22213978106263021,0.2990225563822637,-0.3396765181122891,0.1467934031394764,0.7495969680778114,0.46
full,1.0,5,0.04097271806484064,0.25491010387884105,0.49893657998998653,-0.06607418337198816,0.14801961950166945,0.3278889415819196,0.22
hard,1.0,5,0.08384196410807947,0.28990111746250524,0.6502483256456455,0.0,0.16768392821615893,0.3278889415819196,0.0
nohealth,1.0,5,-0.07994782079454874,0.20054613243644837,0.34496227629947085,-0.27828948095994954,0.1183938393708521,0.7027769318292826,0.48
full,1.0,6,-0.14411830803956846,0.07313655701438804,0.4881818595031022,-0.32035108553184694,0.03211446945271006,0.7437728655515333,0.48
hard,1.0,6,0.03818035299941038,0.1480025751693803,0.6606026965082119,0.0,0.07636070599882076,0.32863531176746946,0.0
nohealth,1.0,6,-0.14846647241821692,0.09270066341814809,0.47665807300608787,-0.3191619964351264,0.022229051598692463,0.7216104729405752,0.48
full,1.0,7,0.017900615483016247,0.292633242289123,0.2921946994860847,-0.22377058984313364,0.2595718208091661,0.3601785217252042,0.14
hard,1.0,7,0.13629316339976227,0.29743057524929295,0.5234422882289826,0.0,0.27258632679952455,0.30940883840000394,0.0
nohealth,1.0,7,-0.0682957836126736,0.24319998581112257,0.16166579090850997,-0.35315742530075517,0.2165658580754079,0.7155088973272317,0.52
full,1.0,8,-0.027332537450877603,0.20831888346595318,0.4780238933142438,-0.14337983321734,0.08871475831558477,0.32032786237925137,0.26
hard,1.0,8,0.05324973593930549,0.22970541513517484,0.6931227829959496,0.0,0.10649947187861097,0.32032786237925137,0.0
nohealth,1.0,8,-0.11362944278186837,0.16993981330199914,0.4670907287231314,-0.2748801651678862,0.04762127960414948,0.7293363477598954,0.54
full,1.0,9,-0.029392370641248926,0.1978844368419358,0.47812773711990086,-0.1526125782614261,0.09382783697892824,0.37073366093323484,0.18
hard,1.0,9,0.05407885684495615,0.19803589006072797,0.6552600835426019,0.0,0.1081577136899123,0.37073366093323484,0.0
nohealth,1.0,9,-0.11025549634849915,0.14378880989245146,0.35763355021241994,-0.2768094487465637,0.056298456049565404,0.725235309505863,0.48
full,1.0,10,-0.02567130515203942,0.2377346297882036,0.3083074416830236,-0.22321884048743285,0.17187623018335402,0.3390643909447751,0.22
hard,1.0,10,0.09318744298118779,0.2576382988148208,0.5843544543657888,0.0,0.18637488596237559,0.3390643909447751,0.0
nohealth,1.0,10,-0.08902324706666413,0.15263874119805176,0.3081780035698882,-0.2910115150644729,0.11296502093114466,0.7243745848338191,0.52
full,1.0,11,-0.08036393082450463,0.2505273629598107,0.3106110482781774,-0.2768112864662043,0.11608342481719505,0.7178738260941446,0.2
hard,1.0,11,0.06550198066000994,0.28388338758283005,0.7178376858439472,0.0,0.13100396132001987,0.45073443288627635,0.0
nohealth,1.0,11,-0.0862734976642571,0.19944754506635443,0.30437896502701145,-0.23268797624627532,0.06014098091776112,0.7163641108710381,0.56
full,1.0,12,-0.045153212000417685,0.2392294365868446,0.48099394823277763,-0.20427990516169955,0.11397348116086421,0.3130542734150614,0.14
hard,1.0,12,0.06618531248971507,0.24568533727802389,0.6721724934977205,0.0,0.13237062497943014,0.3130542734150614,0.0
nohealth,1.0,12,-0.11883049168449207,0.20000535116012585,0.3502293492682238,-0.31305823432936714,0.075397250960383,0.7299814585285315,0.52
full,1.0,13,0.0714199775779021,0.27788054586372535,0.43400824691088036,-0.0713827723147421,0.2142227274705463,0.40337630160904503,0.22
hard,1.0,13,0.11383931083312775,0.2891384406676125,0.5861926470246843,0.0,0.2276786216662555,0.40337630160904503,0.0
nohealth,1.0,13,-0.039350201922157955,0.25118657434424707,0.2123512533526566,-0.25867316641388904,0.17997276256957312,0.7380207675970698,0.44
full,1.0,14,-0.0435952866202085,0.16890270505285776,0.4758563434554801,-0.20302804759104548,0.11583747435062848,0.3184417814980253,0.14
hard,1.0,14,0.06543340365450613,0.17973331359970002,0.5706234017085681,0.0,0.13086680730901226,0.30680354550185696,0.0
nohealth,1.0,14,-0.15157499266078706,0.12109450481736717,0.41140515314394177,-0.3681464853289597,0.06499650000738562,0.7241866906309157,0.52
full,1.0,15,-0.12687349575749088,0.19928234475794893,0.3212970632301033,-0.3457829212182861,0.09203592970330432,0.75284028548541,0.48
hard,1.0,15,0.07043543306394741,0.24540973727172188,0.6799373938183344,0.0,0.14087086612789482,0.35453568606737923,0.0
nohealth,1.0,15,-0.13095786040496776,0.17787905050848674,0.333960881057243,-0.3238853259359661,0.0619696051260306,0.7121951628706473,0.56
full,1.0,16,-0.023396479041532876,0.18577937034540015,0.46228200801413233,-0.16556954064759716,0.11877658256453139,0.306164891857608,0.28
hard,1.0,16,0.07158629528735096,0.20500147817494807,0.6320920508398091,0.0,0.1431725905747019,0.306164891857608,0.0
nohealth,1.0,16,-0.11587083795854017,0.17850670164601545,0.33721025993609466,-0.3197358284155449,0.08799415249846454,0.714564707139058,0.54
full,1.0,17,-0.031758931561311085,0.23774361072972572,0.48436596772343044,-0.18663216991292003,0.12311430679029786,0.4148661270249999,0.24
hard,1.0,17,0.07225696572832922,0.2593415734692339,0.6630948845281883,0.0,0.14451393145665845,0.4148661270249999,0.0
nohealth,1.0,17,-0.10390946357695947,0.23823928633599856,0.30029320265355985,-0.2834803488229535,0.07566142166903451,0.7119796895047089,0.52
full,1.0,18,0.001719337649389363,0.20973238871254052,0.2882126432359493,-0.16222536597920387,0.1656640412779826,0.4558863766453769,0.24
hard,1.0,18,0.08984284956525755,0.2457670191824204,0.5928812938677435,0.0,0.1796856991305151,0.42521318803445496,0.0
nohealth,1.0,18,-0.0522481085970551,0.17086342002068344,0.225339677942195,-0.2275097679453192,0.12301355075120904,0.7321618695898192,0.58
full,1.0,19,-0.030030505573087646,0.2474830186253526,0.4233197736398313,-0.21092545407035615,0.15086444292418086,0.3029397554043654,0.18
hard,1.0,19,0.08284898369122841,0.2653837193647841,0.6228154248868101,0.0,0.16569796738245682,0.3029397554043654,0.0
nohealth,1.0,19,-0.1159322695538684,0.18316545359460623,0.2992073355476248,-0.3559243683301318,0.124059829222395,0.753738676038093,0.42
full,1.0,20,-0.0947739637970045,0.13720111933117385,0.36220299588430094,-0.26143675594994553,0.07188882835593653,0.7531792307767768,0.5
hard,1.0,20,0.060718076404961595,0.18788046081032328,0.6187044489929783,0.0,0.12143615280992319,0.42345039645223287,0.0
nohealth,1.0,20,-0.09493153936527769,0.10966957817062761,0.35683188056870807,-0.2525521348551217,0.06268905612456628,0.7251133092580287,0.56
full,1.0,21,0.005778657066830495,0.24849476019031846,0.4159729623096393,-0.12031216168470213,0.1318694758183631,0.36783207786804173,0.2
hard,1.0,21,0.07762155792995355,0.24316163634721655,0.6533912906085269,0.0,0.1552431158599071,0.36783207786804173,0.0
nohealth,1.0,21,-0.08242926967623133,0.14864325271061263,0.32435208853060926,-0.24821965692754883,0.08336111757508616,0.7211170860334891,0.54
full,1.0,22,0.0007129096265939272,0.2680482395861442,0.4259411127730923,-0.1460903306907688,0.14751614994395665,0.3137393541194783,0.3
hard,1.0,22,0.08812703814521741,0.2797515926570705,0.6491845021469149,0.0,0.17625407629043482,0.3137393541194783,0.0
nohealth,1.0,22,-0.08884874977393434,0.2380376653778592,0.34733546381075553,-0.3041946532593726,0.12649715371150394,0.7198010953352492,0.44
full,1.0,23,-0.09091077810195922,0.2037068666398265,0.3548821598074059,-0.2898887269663283,0.10806717076240982,0.7257623111290354,0.5
hard,1.0,23,0.07543882189921522,0.2332749969218152,0.630561403177742,0.0,0.15087764379843044,0.3158085206812917,0.0
nohealth,1.0,23,-0.09560244847470063,0.18235873712076267,0.37883671582943323,-0.28107039938786443,0.08986550243846317,0.707733534980755,0.54
full,1.0,24,-0.015425382469409377,0.2508487174303137,0.40449802877427676,-0.17499149776932205,0.14414073283050327,0.30667490420366283,0.16
hard,1.0,24,0.07355915700055013,0.2449868798544378,0.6142095823531002,0.0,0.14711831400110026,0.30667490420366283,0.0
nohealth,1.0,24,-0.10142389836555118,0.17882289092837322,0.35270158458384526,-0.2897238405068826,0.0868760437757802,0.7424828032836004,0.52
full,1.0,25,-0.08135466811044603,0.12493130206790393,0.44419734843725855,-0.2470546535386437,0.08434531731775163,0.3938311204652987,0.18
hard,1.0,25,0.04651176990258467,0.13780095129286563,0.611715039735601,0.0,0.09302353980516934,0.33441176769914865,0.0
nohealth,1.0,25,-0.14973622960405158,0.08178413451790045,0.4496376004508227,-0.33200595708347047,0.03253349787536723,0.7307013134864293,0.5
full,1.0,26,-0.0370708252083166,0.22963297300203867,0.3365018995160993,-0.22629651559825578,0.15215486518162258,0.3074937805257015,0.26
hard,1.0,26,0.08518320188179333,0.27123906503265616,0.6620934535378029,0.0,0.17036640376358667,0.3074937805257015,0.0
nohealth,1.0,26,-0.10486445082583284,0.18701082747153053,0.3295419459095077,-0.30400606076996045,0.0942771591182947,0.7243959511323763,0.52
full,1.0,27,-0.10485291546557814,0.18536928660453555,0.3166035108950074,-0.305849825023683,0.09614399409252676,0.7318273222641439,0.48
hard,1.0,27,0.06749897718032621,0.21713857208430698,0.6673999999919085,0.0,0.13499795436065243,0.4267015788733378,0.0
nohealth,1.0,27,-0.1072046269307588,0.14312660636453556,0.31831240601646993,-0.2976079647810879,0.08319871091957028,0.7271811829983841,0.46
full,1.0,28,-0.019906250084897742,0.2468334642012462,0.4250521195618857,-0.18491669397583033,0.14510419380603484,0.34964960671307627,0.12
hard,1.0,28,0.07983657360762811,0.2642657666110022,0.6478165656035786,0.0,0.15967314721525622,0.34964960671307627,0.0
nohealth,1.0,28,-0.09465042220281777,0.21365445230576496,0.31999323963550963,-0.30282035323273215,0.11351950882709658,0.7371557461598192,0.46
full,1.0,29,-0.02064809111610778,0.27714718481920875,0.4997358958953413,-0.1503090229653749,0.10901284073315934,0.3368144063294138,0.2
hard,1.0,29,0.06993029210694987,0.2785810168201298,0.6509218914593944,0.0,0.13986058421389974,0.3368144063294138,0.0
nohealth,1.0,29,-0.10952613367742234,0.23936532918413922,0.3428489434341848,-0.3002689008498683,0.08121663349502359,0.7227008396271309,0.52
full,1.0,30,-0.007973143548958306,0.27038929618872476,0.4668038524266973,-0.14258435454056217,0.12663806744264555,0.34748439816501486,0.18
hard,1.0,30,0.0704685307028296,0.2721652640254155,0.6921727666718667,0.0,0.1409370614056592,0.34748439816501486,0.0
nohealth,1.0,30,-0.1063167123200984,0.21879496977751345,0.37175373308601123,-0.2852374152863094,0.0726039906461126,0.7158956618246247,0.56
full,2.0,1,-0.11865904262603637,0.1453319313496758,0.4398928876774979,-0.2768182118234192,0.039500126571346474,0.7157189108297995,0.48
hard,2.0,1,0.04993286061037182,0.19384069018155659,0.6199541186173074,0.0,0.09986572122074364,0.35233843751553295,0.0
nohealth,2.0,1,-0.11709957480248723,0.15620681150933702,0.45026807238966193,-0.2800454382645666,0.04584628865959217,0.72526249768817,0.5
full,2.0,2,-0.12245842511244032,0.18737688965052302,0.32095614695251307,-0.3426334173063828,0.09771656708150211,0.7242156223704241,0.5
hard,2.0,2,0.07264624939644962,0.2315004386833509,0.6157193921610806,0.0,0.14529249879289924,0.31682425077358367,0.0
nohealth,2.0,2,-0.12105188299170663,0.1560801058291169,0.3351469968157976,-0.3269735236127672,0.08486975762935393,0.7240457643664611,0.52
full,2.0,3,0.009092947252481009,0.22936308874776923,0.37868803015804775,-0.14719505531633909,0.16538094982130108,0.3213078229153842,0.18
hard,2.0,3,0.09007999332480575,0.2537499982474346,0.5914014242333556,0.0,0.1801599866496115,0.3213078229153842,0.0
nohealth,2.0,3,-0.09582177303062081,0.23009548199259777,0.28752518057591736,-0.3320206521900412,0.1403771061287995,0.7325091520447032,0.44
full,2.0,4,-0.043926356605856254,0.25688730453614783,0.36624137055389294,-0.25248717923779307,0.1646344660260805,0.36807036336773774,0.24
hard,2.0,4,0.0936190617504161,0.2615147019316386,0.578565752900732,0.0,0.1872381235008322,0.32987043548338324,0.0
nohealth,2.0,4,-0.0898076493808136,0.2230868021300475,0.2910898833327664,-0.3287767072911342,0.14916140852950696,0.7393343658122837,0.46
full,2.0,5,0.04461996207528215,0.25545439952722426,0.49471493118080034,-0.062303864698525224,0.15154378884908953,0.3278889415819196,0.22
hard,2.0,5,0.08573961362525451,0.2905219860248459,0.6429714110744966,0.0,0.17147922725050901,0.3278889415819196,0.0
nohealth,2.0,5,-0.07315266156093557,0.20194991251524896,0.33927964294555224,-0.26796119396335943,0.1216558708414883,0.6916675097487196,0.48
full,2.0,6,-0.1356923306848238,0.07624603990369971,0.48110645235396676,-0.3084617345487183,0.03707707317907063,0.7332693021035138,0.48
hard,2.0,6,0.0411947294942113,0.15233724286001826,0.6445732926041359,0.0,0.0823894589884226,0.32863531176746946,0.0
nohealth,2.0,6,-0.14031737426423524,0.09773239455979943,0.4765979194861505,-0.30757010401908647,0.02693535549061594,0.7055212424026639,0.48
full,2.0,7,0.019963875660084996,0.2926636833947194,0.2891725065229389,-0.22025153945249015,0.2601792907726601,0.3601785217252042,0.14
hard,2.0,7,0.13661765713445298,0.29746138105581765,0.522785689640985,0.0,0.27323531426890596,0.30940883840000394,0.0
nohealth,2.0,7,-0.06148233240166088,0.24322426898511518,0.15256384032565418,-0.3400078115115136,0.21704314670819186,0.701418667974309,0.52
full,2.0,8,-0.023273116502291434,0.2099728412186519,0.4757825261589721,-0.14007456495377604,0.09352833194919316,0.32032786237925137,0.26
hard,2.0,8,0.055857446745560056,0.23150743068954305,0.6950318479296203,0.0,0.11171489349112011,0.32032786237925137,0.0
nohealth,2.0,8,-0.10546438686825291,0.1712991701912533,0.4624745723659096,-0.2626317587016704,0.051702984965164636,0.7180530253310196,0.54
full,2.0,9,-0.02506564453066898,0.19979069170139507,0.4624532138501234,-0.1488890784808306,0.09875778941949265,0.37073366093323484,0.18
hard,2.0,9,0.05668859423734622,0.19995939793143047,0.6434790470780942,0.0,0.11337718847469244,0.37073366093323484,0.0
nohealth,2.0,9,-0.10271351138988823,0.14526015188147745,0.3468979557212426,-0.2658274889066926,0.060400466126916116,0.7100467063181871,0.48
full,2.0,10,-0.022645112763831115,0.23822620474262313,0.3044600791397831,-0.21970550271943984,0.17441527719177763,0.3390643909447751,0.22
hard,2.0,10,0.09453338303977478,0.258166591757265,0.580497769001159,0.0,0.18906676607954956,0.3390643909447751,0.0
nohealth,2.0,10,-0.08247946542240221,0.1529432694829178,0.29759311429678714,-0.279957506067974,0.11499857522316959,0.7114303982214393,0.52
full,2.0,11,-0.07681174014441042,0.25129186479305277,0.2980193837205256,-0.27416728961628023,0.12054380932745938,0.7173645167510578,0.2
hard,2.0,11,0.06781524315307852,0.2847494239599411,0.7059749964362476,0.0,0.13563048630615704,0.45073443288627635,0.0
nohealth,2.0,11,-0.07889176923795295,0.20004492644602423,0.30635703256186586,-0.22132322833891438,0.06353968986300847,0.7039935520252313,0.56
full,2.0,12,-0.041440574068262535,0.24003024540080387,0.4784721504744254,-0.20119134692940843,0.11831019879288336,0.3130542734150614,0.14
hard,2.0,12,0.06853537579721242,0.24650774310410517,0.6609549406846302,0.0,0.13707075159442483,0.3130542734150614,0.0
nohealth,2.0,12,-0.11066937734952464,0.20066221820086105,0.3414430362490335,-0.3002586893438295,0.07891993464478023,0.7163509864573671,0.52
full,2.0,13,0.07399857754639824,0.27798823378048076,0.43631747584424074,-0.06779673136262261,0.2157938864554191,0.40337630160904503,0.22
hard,2.0,13,0.1146410179413011,0.2891508727193661,0.5833287294039107,0.0,0.2292820358826022,0.40337630160904503,0.0
nohealth,2.0,13,-0.033549955626878195,0.25128127425071,0.21459200547112367,-0.24828840682940392,0.18118849557564756,0.7246305474655267,0.44
full,2.0,14,-0.039933230538651845,0.17147360485932506,0.4644842119353594,-0.19993248734859254,0.12006602627128886,0.3184417814980253,0.14
hard,2.0,14,0.06767335571086161,0.1823890536140591,0.5657991533923652,0.0,0.13534671142172322,0.30680354550185696,0.0
nohealth,2.0,14,-0.14300783172711645,0.12309378313187647,0.3998863888897801,-0.35428739777219553,0.06827173431796263,0.7088162277341455,0.52
full,2.0,15,-0.11915475852763721,0.20087945616710357,0.3148530180199056,-0.3337657824454917,0.09545626539021727,0.7395068434307179,0.48
hard,2.0,15,0.07251932120341734,0.24640447784854325,0.6698038257155547,0.0,0.14503864240683467,0.35453568606737923,0.0
nohealth,2.0,15,-0.12289533918147347,0.17932287466351038,0.33110594357238354,-0.31056893144386155,0.06477825308091463,0.6957709267328642,0.56
full,2.0,16,-0.018852104673354603,0.18861158222932795,0.4653442891689761,-0.16058159018627888,0.12287738083956967,0.306164891857608,0.28
hard,2.0,16,0.07381584636400143,0.20732143476329024,0.6239953790959103,0.0,0.14763169272800286,0.306164891857608,0.0
nohealth,2.0,16,-0.10794324966741078,0.18054981298114037,0.331397590262954,-0.3073284279306978,0.09144192859587626,0.699413282840927,0.54
full,2.0,17,-0.02755302870317085,0.2383059890756074,0.4733428997452789,-0.18222455988300626,0.12711850247666454,0.4148661270249999,0.24
hard,2.0,17,0.07438838136626395,0.25995604106109105,0.653495515837383,0.0,0.1487767627325279,0.4148661270249999,0.0
nohealth,2.0,17,-0.09691376776101521,0.23879137461481215,0.29834466665282156,-0.27238863146116976,0.07856109593913933,0.6977026583061415,0.52
full,2.0,18,0.005060725316645742,0.21132080235916084,0.2815392347241419,-0.15836417409722328,0.16848562473051476,0.4558863766453769,0.24
hard,2.0,18,0.09133042306331395,0.2476272602159746,0.5891772032128455,0.0,0.1826608461266279,0.42521318803445496,0.0
nohealth,2.0,18,-0.045536219360211114,0.17214488835182795,0.20999345550046877,-0.21644359248487718,0.12537115376445498,0.7186400443848328,0.58
full,2.0,19,-0.026527974371554804,0.24826849110264304,0.4214154999427977,-0.20692057652165663,0.15386462777854704,0.3029397554043654,0.18
hard,2.0,19,0.08449390459432163,0.2662220239188202,0.6172010147677203,0.0,0.16898780918864326,0.3029397554043654,0.0
nohealth,2.0,19,-0.10903150636004484,0.18514635989183215,0.2949086082633121,-0.34480923146742753,0.12674621874733788,0.7402697212610836,0.42
full,2.0,20,-0.0876821314136827,0.1395048041785829,0.3539126667853152,-0.25102166054156194,0.07565739771419662,0.7431202215556139,0.5
hard,2.0,20,0.06308306569086627,0.19081322748963025,0.6105734907005449,0.0,0.12616613138173255,0.42345039645223287,0.0
nohealth,2.0,20,-0.08772534721768466,0.11165894944688082,0.3475138793134638,-0.2417798707704626,0.06632917633509325,0.7151069026560402,0.56
full,2.0,21,0.00947969439716435,0.24992680605573603,0.42120902370443103,-0.1164727832731655,0.1354321720674942,0.36783207786804173,0.2
hard,2.0,21,0.07961839398404533,0.2445463044513575,0.6448718344745674,0.0,0.15923678796809065,0.36783207786804173,0.0
nohealth,2.0,21,-0.07531305407631367,0.14950461496816947,0.31987651828520614,-0.2370563219892569,0.08643021383662959,0.7097183132316446,0.54
full,2.0,22,0.00418395366892933,0.26805970794986245,0.4271683705839455,-0.14175585320909198,0.15012376054695065,0.3137393541194783,0.3
hard,2.0,22,0.08970552524924612,0.27976363648798275,0.6424197869405133,0.0,0.17941105049849224,0.3137393541194783,0.0
nohealth,2.0,22,-0.08214114579424567,0.23833598973111358,0.3396514203479153,-0.29331625910358244,0.1290339675150911,0.7032559748927993,0.44
full,2.0,23,-0.0834051324407026,0.20507204991908456,0.34299820199568076,-0.278263861575679,0.1114535966942738,0.7136274023298292,0.5
hard,2.0,23,0.07749959512767123,0.23483590189208758,0.6231975867376078,0.0,0.15499919025534245,0.3158085206812917,0.0
nohealth,2.0,23,-0.0879408873317808,0.1840264969787062,0.36574490717942276,-0.26903121152417364,0.09314943686061208,0.6900077773988497,0.54
full,2.0,24,-0.011987759106470142,0.2520415717884751,0.3948460273656531,-0.17190713314583894,0.14793161493289866,0.30667490420366283,0.16
hard,2.0,24,0.07551179697264851,0.24615315073293398,0.6080969116919317,0.0,0.15102359394529702,0.30667490420366283,0.0
nohealth,2.0,24,-0.09409133537512823,0.1796777507340891,0.3448234770938745,-0.2779826645357983,0.08979999378554193,0.727286291107106,0.52
full,2.0,25,-0.07729627799855196,0.12920423753774402,0.43082260367461833,-0.24385998286055557,0.08926742686345164,0.3938311204652987,0.18
hard,2.0,25,0.049048514209056204,0.1422930473738938,0.6048200703866586,0.0,0.09809702841811241,0.33441176769914865,0.0
nohealth,2.0,25,-0.14139541476228648,0.08520564304638278,0.4436874358851215,-0.3190699191692502,0.03627908964467723,0.7166440172786475,0.5
full,2.0,26,-0.0336257017199534,0.23004105004551434,0.339859694042542,-0.2223230064518258,0.155071603011919,0.3074937805257015,0.26
hard,2.0,26,0.08667501761094656,0.27286137420090373,0.6642440049887324,0.0,0.17335003522189313,0.3074937805257015,0.0
nohealth,2.0,26,-0.09779395211478725,0.1878226511417811,0.3267315479032935,-0.29217065429512906,0.09658275006555454,0.7140542661235376,0.52
full,2.0,27,-0.09731714378094727,0.18726983567599853,0.31152653430770116,-0.2945098557099025,0.09987556814800795,0.7196338555139186,0.48
hard,2.0,27,0.06970378176888538,0.21964929697582125,0.6579108308558703,0.0,0.13940756353777076,0.4267015788733378,0.0
nohealth,2.0,27,-0.09960878458664836,0.1446619268397895,0.31214947956052597,-0.28602666415498046,0.08680909498168377,0.7134922890757869,0.46
full,2.0,28,-0.016710493594546322,0.2476999302390055,0.422354708989388,-0.1819435391832242,0.14852255199413153,0.34964960671307627,0.12
hard,2.0,28,0.08171458679845106,0.26519361046682555,0.6401690837132836,0.0,0.16342917359690212,0.34964960671307627,0.0
nohealth,2.0,28,-0.08692300220741475,0.21439289862917277,0.3132055620147647,-0.2903946033253901,0.11654859891056057,0.7230937002133622,0.46
full,2.0,29,-0.01727409527368141,0.2771970658046474,0.48907353275196264,-0.14743557126700818,0.11288738071964535,0.3368144063294138,0.2
hard,2.0,29,0.07213762045505948,0.27863005268453334,0.6421086436770402,0.0,0.14427524091011895,0.3368144063294138,0.0
nohealth,2.0,29,-0.10203967281108514,0.2394060655466803,0.3368843068241163,-0.28858725636768223,0.08450791074551196,0.7065295875568421,0.52
full,2.0,30,-0.004750128835774836,0.27055058717569125,0.4624400790032499,-0.13971039516020814,0.13021013748865845,0.34748439816501486,0.18
hard,2.0,30,0.07241178463639024,0.2723292081438319,0.6820437476030006,0.0,0.14482356927278048,0.34748439816501486,0.0
nohealth,2.0,30,-0.09944184118521184,0.2189205407841004,0.3731625404080188,-0.2742131217736201,0.07532943940319647,0.7049179282155583,0.56
