f1,f2_own,f4_own,f2_full,f4_full,f1_min,f4_full_min,f1_eqw,f2_full_eqw,f4_full_eqw,share_low,n_tasks_low,delta_h_mean,delta_h_max,gini_delta_h,h_end_min,h_end_min_lowgrp,delta_h_low_mean,delta_h_high_mean,T_end_max,front_size,evals,wall_s,arm,seed,hv
335.00000000000006,3141.0771933578453,143.23077120618794,3141.0771933578453,143.23077120618794,333.6666666666667,27.801563086653573,343.33333333333337,3162.1122135321557,105.46643926324043,0.48,24,-0.1355769449412771,0.141020626644065,0.4569156808940038,0.7452476019220486,0.7452476019220486,-0.30170165362032236,0.030547763737768196,83.55876217043752,100,20000,0.783,full,1,0.36801414590329995
565.3333333333334,5568.168218138171,0.0,5773.666716477826,0.0,557.3333333333333,0.0,557.3333333333333,5796.373539714606,0.0,0.0,0,0.044087540463962446,0.18849426985825357,0.6426461120290317,0.35233843751553295,0.35233843751553295,0.0,0.08817508092792489,91.07123782143704,100,20000,0.813,hard,1,
300.33333333333337,2388.942991831846,0.0,3141.951903000504,134.94687116473136,300.33333333333337,128.385028782366,301.0,2989.819002525509,134.2144575455514,0.5,25,-0.13390296789781167,0.151712306246776,0.4657272976061515,0.7468033550063563,0.7501798980726988,-0.30448729531096136,0.03668135951533802,82.46417511280418,49,20000,0.815,nohealth,1,
408.33333333333337,3389.010245692586,78.67957306114576,3389.010245692586,78.67957306114576,300.6666666666667,78.67957306114576,304.33333333333337,2873.5019170255646,120.05986767389832,0.42,21,-0.13399688976080762,0.17676537378487023,0.4478219113799595,0.713892847458344,0.7446675031941309,-0.3253496028772115,0.05735582335559623,88.86784082381236,88,20000,3.083,moead,1,0.4395255418051387
315.6666666666667,2898.8184113033094,152.6097556482629,2898.8184113033094,152.6097556482629,309.33333333333337,24.79247842686005,337.33333333333337,3068.98982673526,98.07629347964782,0.5,25,-0.13781428074258856,0.184929168428269,0.33172269076478944,0.749175912055408,0.7513166130942707,-0.36640751440316827,0.09077895291799117,81.34611585261689,100,20000,0.798,full,2,0.46072490276884864
554.6666666666666,5273.910615964954,0.0,5426.585369179175,0.0,533.6666666666666,0.0,554.6666666666666,5426.585369179175,0.0,0.0,0,0.06832056278344792,0.22851583777842388,0.632015175021583,0.31682425077358367,0.31682425077358367,0.0,0.13664112556689584,91.51018210354232,36,20000,0.822,hard,2,
277.66666666666663,2084.0563634483215,0.0,2826.372491766084,169.94250737566153,277.66666666666663,149.8203710822758,284.33333333333337,2817.2145116668253,165.49532417010286,0.52,26,-0.1370014718863803,0.15400384210189855,0.3456659255581571,0.7493617835816818,0.7493617835816818,-0.35229835847385593,0.07829541470109543,82.38722031421676,46,20000,0.817,nohealth,2,
327.3333333333333,2850.1766949693565,113.50727831105428,2850.1766949693565,113.50727831105428,300.0,89.3795876455116,300.0,2679.662452425837,149.09744187734688,0.4,20,-0.13627002771691127,0.20865454175853326,0.3519753964767587,0.731059489860257,0.762181655900403,-0.3753000040837936,0.1027599486499711,84.94538401862107,97,20000,3.117,moead,2,0.29297465260536654
573.3333333333333,4556.09484220232,28.21559066571003,4556.09484220232,28.21559066571003,309.33333333333337,18.496364272751855,365.00000000000006,3014.218740412557,101.44739164285907,0.18,9,0.0021948621446196137,0.22728118287450683,0.3931161940121577,0.3213078229153842,0.3213078229153842,-0.15473362222689585,0.15912334651613508,86.6021046975442,100,20000,0.793,full,3,0.4887372083784935
543.3333333333334,4987.450073052277,0.0,5104.9348069349935,0.0,535.0,0.0,543.3333333333334,5104.9348069349935,0.0,0.0,0,0.0867917690850248,0.2514654302555809,0.6003116728199056,0.3213078229153842,0.3213078229153842,0.0,0.1735835381700496,89.19819805871236,100,20000,0.813,hard,3,
310.0,1951.217511536587,0.0,2647.9230144321837,139.39521695992426,294.3333333333333,138.27246135050189,310.0,2647.9230144321837,139.39521695992426,0.44,22,-0.10993322431809038,0.2280559989731662,0.30667143027908295,0.7314040058389074,0.7541113467126156,-0.35483656304094274,0.13497011440476195,85.85945909640441,56,20000,0.82,nohealth,3,
404.6666666666667,3059.8663995635347,98.50043687817609,3059.8663995635347,98.50043687817609,297.6666666666667,96.36539757304742,319.33333333333337,2591.334153146064,133.8195691577256,0.38,19,-0.10817744034471273,0.23220346931333247,0.28705430151042455,0.7272565354987411,0.7665063910206138,-0.36190673657205574,0.14555185588263023,84.18616615211826,79,20000,3.122,moead,3,0.26530213328291924
586.3333333333334,4876.274151120469,21.661011129436055,4876.274151120469,21.661011129436055,308.0,20.83706171508912,327.6666666666667,3106.7218661114557,102.73866050499947,0.24,12,-0.05033287841433474,0.2558351583109242,0.370760696454008,0.36807036336773774,0.36807036336773774,-0.26033696403189677,0.15967120720322728,86.05161131428267,100,20000,0.807,full,4,0.5187181483256256
598.0,5705.850692825,0.0,5809.10088519726,0.0,554.6666666666666,0.0,562.6666666666667,5765.229388186596,0.0,0.0,0,0.09077383967257086,0.2604288339103431,0.5857987933527835,0.32987043548338324,0.32987043548338324,0.0,0.1815476793451417,85.95883032103819,40,20000,0.87,hard,4,
372.00000000000006,2203.729129710455,0.0,2877.599632954222,114.34052931995693,284.0,114.34052931995693,291.3333333333333,2811.3270092144758,145.07572712925509,0.46,23,-0.10307546559199914,0.2211927599952127,0.30668177574722333,0.7399472072850276,0.7584948416368981,-0.3505763289334439,0.14442539774944566,82.1551119031154,23,20000,0.814,nohealth,4,
441.66666666666663,3141.399145204692,94.68789552621897,3141.399145204692,94.68789552621897,303.0,78.74223298076808,315.0,2740.043535005496,142.05238775297772,0.42,21,-0.10514533309545882,0.23826994754092712,0.30672346549084795,0.7241628755855796,0.7604917613770525,-0.35837208193058356,0.14808141573966593,83.42416544169265,94,20000,3.106,moead,4,0.28315036915767283
561.0,4391.471267939585,7.169417312135401,4391.471267939585,7.169417312135401,359.33333333333337,6.53410757057493,414.6666666666667,3400.6520095852893,56.94573626343191,0.22,11,0.03732547405439908,0.25436580823045796,0.5031485324639964,0.3278889415819196,0.3278889415819196,-0.06984450204545087,0.14449545015424903,87.28069270111595,100,20000,0.793,full,5,0.42721253228677514
643.6666666666667,5722.036922933315,0.0,5855.63321703626,0.0,576.3333333333333,0.0,585.0,5776.008272206693,0.0,0.0,0,0.08194431459090432,0.28928024890016546,0.6578622747869516,0.3278889415819196,0.3278889415819196,0.0,0.16388862918180863,90.86521193168016,100,20000,0.822,hard,5,
410.0,2609.086846138712,0.0,3291.2260769031805,105.99778707729976,309.6666666666667,105.99778707729976,319.0,2885.017113054766,138.5668778727099,0.48,24,-0.08674298002816175,0.19914235235764888,0.35114640166147204,0.7138863539098453,0.7138863539098453,-0.28861776795653976,0.11513180790021627,86.91050356863818,31,20000,0.825,nohealth,5,
377.0,3346.498542894347,74.02289247788066,3346.498542894347,74.02289247788066,311.6666666666667,74.02289247788066,315.0,2867.0110271075537,122.15846032359077,0.44,22,-0.09536201063852284,0.2555315796532095,0.37411401007830003,0.7238465053293769,0.7336265976534565,-0.3204256118270249,0.12970159054997918,84.5948920829355,97,20000,3.127,moead,5,0.1940522955415694
332.3333333333333,3142.0106940239825,131.97043290649526,3142.0106940239825,131.97043290649526,322.66666666666663,17.37182387749015,371.33333333333337,3318.880060229239,88.27607880415668,0.48,24,-0.15254428539431325,0.07002707412507647,0.49591160664319167,0.7267130535086305,0.7542764289995524,-0.3322404365149761,0.027151865726349533,84.9462149557029,100,20000,0.793,full,6,0.46922393056590067
643.3333333333334,5497.659435031462,0.0,5714.617376655182,0.0,571.6666666666666,0.0,578.3333333333334,5678.838472016772,0.0,0.0,0,0.03516597650460943,0.14366790747874236,0.6793801349136352,0.32863531176746946,0.32863531176746946,0.0,0.07033195300921886,88.330407896374,99,20000,0.822,hard,6,
387.33333333333337,2156.187985001754,0.0,2936.6610403023833,153.91303753078586,299.0,151.701871418679,299.0,2761.94204582206,158.64659781029263,0.48,24,-0.15661557057219871,0.08766893227649686,0.47665776263236803,0.721583540760351,0.737699703478487,-0.3307538888511661,0.01752274770676867,86.37960183919029,11,20000,0.833,nohealth,6,
331.33333333333337,2917.153900334797,108.04894186375543,2917.153900334797,108.04894186375543,303.66666666666663,79.8802982500165,324.0,2866.2036675756704,119.05752613332945,0.46,23,-0.15564421517750548,0.09820900182163317,0.46828916421855693,0.7407263771749326,0.7521528298618216,-0.3460673003452281,0.034778869990217134,82.03944195132453,99,20000,3.13,moead,6,0.35370319992915517
622.6666666666667,5062.439979657518,31.534633819887148,5062.439979657518,31.534633819887148,309.00000000000006,25.06785433410927,374.33333333333337,3028.014845038763,123.15349904234253,0.14,7,0.01583735530594771,0.2926028011835272,0.29549328409542386,0.3601785217252042,0.3601785217252042,-0.22728964023377712,0.25896435084567254,86.50604037467468,100,20000,0.808,full,7,0.4065539908449295
542.6666666666666,5326.399926044121,0.0,5348.768993104783,0.0,542.0,0.0,542.6666666666666,5348.768993104783,0.0,0.0,0,0.13596866966507198,0.2973997694427686,0.524102020805546,0.30940883840000394,0.30940883840000394,0.0,0.27193733933014397,90.17306388049028,100,20000,0.82,hard,7,
310.6666666666667,2046.9122745654884,0.0,2673.7754414858305,186.5794766814589,287.66666666666663,185.57817837441235,292.3333333333333,2748.02857504936,185.57817837441235,0.52,26,-0.0751092348236864,0.2431757026371305,0.17037164345884648,0.7295991266801546,0.7295991266801546,-0.366307039089997,0.21608856944262422,83.90972683913668,25,20000,0.816,nohealth,7,
424.6666666666667,3040.9459686477535,112.23510706478966,3040.9459686477535,112.23510706478966,281.0,112.23510706478966,281.0,2567.615603431221,191.75582981732856,0.36,18,-0.07742589330122955,0.2697200359232932,0.15933745304324476,0.7193510297305298,0.7604281433741209,-0.40096207495739594,0.2461102883549368,84.91267822810215,89,20000,3.133,moead,7,0.32855942001049204
608.6666666666667,4949.092675802463,13.958006560272192,4949.092675802463,13.958006560272192,324.6666666666667,13.958006560272192,394.0,3304.553369711045,54.05893907101449,0.26,13,-0.03139195839946374,0.20666492571325445,0.4813371352291551,0.32032786237925137,0.32032786237925137,-0.14668510148090377,0.0839011846819763,86.65903297678594,100,20000,0.814,full,8,0.5757780430111017
585.3333333333334,5610.609351309254,0.0,5798.28813288665,0.0,584.0,0.0,585.3333333333334,5798.28813288665,0.0,0.0,0,0.05064202513305065,0.22790339958080696,0.690952833980625,0.32032786237925137,0.32032786237925137,0.0,0.1012840502661013,89.16754813262233,100,20000,0.836,hard,8,
330.0,2265.1812967236197,0.0,2989.5887705792975,134.0201915392168,293.0,114.83389194454577,314.3333333333333,2853.7999760317343,120.65723883476127,0.54,27,-0.12179449869548373,0.16858045641274422,0.4727610729096321,0.7354292904076295,0.7406196701887712,-0.28712857163410177,0.04353957424313439,83.65422519956621,32,20000,0.815,nohealth,8,
332.6666666666667,2847.6484319289216,85.723602892511,2847.6484319289216,85.723602892511,321.6666666666667,62.78088045650745,332.6666666666667,2847.6484319289216,85.723602892511,0.46,23,-0.12212079349831366,0.19428172459841453,0.4141963114207834,0.7290670674034713,0.7443761747718664,-0.3130504618667542,0.06880887487012699,85.54430934562464,91,20000,3.151,moead,8,0.32020123000240197
576.0,4992.414074023696,15.73337185583509,4992.414074023696,15.73337185583509,317.6666666666667,14.767527893074863,375.0,3368.9211326590585,44.450337504618034,0.18,9,-0.03371909675182885,0.19597818198247652,0.49395648511527135,0.37073366093323484,0.37073366093323484,-0.15633607804202168,0.08889788453836397,84.94767812876273,100,20000,0.798,full,9,0.4407986196702581
563.3333333333334,5534.161758620755,0.0,5720.01596836234,0.0,554.6666666666666,0.0,567.0,5697.3803284267815,0.0,0.0,0,0.051469119452565826,0.19611238219002447,0.6682358329421492,0.37073366093323484,0.37073366093323484,0.0,0.10293823890513165,89.71038888640602,100,20000,0.814,hard,9,
311.33333333333337,2058.445122590153,0.0,2763.074906747333,115.89493837542898,291.0,105.05684423413732,302.3333333333333,2807.8234747252195,107.79119424847408,0.48,24,-0.11779748130711001,0.14231746790342514,0.3679185288837563,0.7404239126935387,0.7404239126935387,-0.287791408586435,0.052196445972214976,82.33229225637595,23,20000,0.829,nohealth,9,
309.0,2740.8432929194755,81.34683717929741,2740.8432929194755,81.34683717929741,295.33333333333337,68.52347959156717,300.3333333333333,2665.2940852036363,84.57183761969887,0.48,24,-0.11755267136607181,0.1821614581065062,0.4196875416362942,0.736813066856702,0.7531698717482506,-0.3006208004171333,0.0655154576849897,83.8811641647232,98,20000,3.159,moead,9,0.3150849755928367
542.3333333333334,4315.335686362512,13.84331963710462,4315.335686362512,13.84331963710462,297.66666666666663,13.84331963710462,344.66666666666663,3101.5340483325895,56.16347381962915,0.22,11,-0.0286974975402478,0.23724305483378372,0.31213587597712666,0.3390643909447751,0.3390643909447751,-0.22673217825542577,0.16933718317493016,85.47055108401716,100,20000,0.794,full,10,0.39819594199564556
517.0,4924.264681126805,0.0,5022.493027132397,0.0,494.6666666666667,0.0,517.0,5022.493027132397,0.0,0.0,0,0.0918415029226007,0.25711000587237764,0.5883241794164094,0.3390643909447751,0.3390643909447751,0.0,0.1836830058452014,87.0448053480321,99,20000,0.802,hard,10,
340.3333333333333,2065.898139128075,0.0,2699.164375546165,112.9551652797904,270.0,93.20561833810868,271.3333333333333,2593.4778243912983,107.71457392461814,0.52,26,-0.09556702871092618,0.15233421291318583,0.3184005079892529,0.7280624019719503,0.7373187714461974,-0.302065524060972,0.11093146663911964,86.59241888020364,33,20000,0.816,nohealth,10,
303.6666666666667,2503.015578275954,81.2561122281042,2503.015578275954,81.2561122281042,269.0,58.37890386485145,271.6666666666667,2378.5937545052498,102.06888603413115,0.42,21,-0.09202106030383202,0.21785830045760413,0.29588078465201906,0.7480697230184458,0.7600429434536197,-0.32627025398411785,0.14222813337645382,81.77848206917471,97,20000,3.11,moead,10,0.38803670165126236
683.3333333333334,4861.6394540470155,16.163415781627783,4861.6394540470155,16.163415781627783,317.66666666666663,16.163415781627783,378.6666666666667,3091.303438728407,44.85735720121962,0.2,10,-0.08391612150459891,0.24976286112656843,0.3187244383907897,0.7097591462317642,0.718383135437231,-0.27945528331612834,0.11162304030693053,87.67361975065114,100,20000,0.808,full,11,0.5111314625065609
544.6666666666666,5603.253435295434,0.0,5769.778970458247,0.0,541.6666666666666,0.0,544.6666666666666,5769.778970458247,0.0,0.0,0,0.0631887181669415,0.28301735120572014,0.7163765674664015,0.45073443288627635,0.45073443288627635,0.0,0.126377436333883,91.11847022800923,41,20000,0.819,hard,11,
349.3333333333333,2216.401942126867,0.0,2878.5237375220513,96.51676894689814,292.66666666666663,88.02294518039156,298.3333333333333,2705.30120129645,91.38172210018007,0.56,28,-0.09365522609056123,0.19885016368668396,0.30587930139886454,0.7287346697168445,0.7287346697168445,-0.24405272415363624,0.05674227197251376,84.77495926804846,24,20000,0.826,nohealth,11,
368.3333333333333,2657.6630586310216,70.45050910865037,2657.6630586310216,70.45050910865037,299.66666666666663,58.75632470411038,299.66666666666663,2632.9804205605055,79.02475911142133,0.48,24,-0.09426902476005186,0.22802404480628957,0.3080991516851439,0.7262618450659506,0.7594591488735891,-0.27413256195423485,0.08559451243413121,84.90613200943977,89,20000,3.122,moead,11,0.3191443636093861
807.3333333333333,5510.183485057022,17.161515819449168,5510.183485057022,17.161515819449168,317.0,16.107168177226256,370.3333333333333,3390.12950715026,81.9490901068871,0.14,7,-0.048865849932572834,0.23842862777288476,0.48349131436694814,0.3130542734150614,0.3130542734150614,-0.20736846339399082,0.10963676352884517,86.81300204923514,100,20000,0.8,full,12,0.5179347715798778
595.0,5599.679910280543,0.0,5764.38893999887,0.0,554.6666666666667,0.0,558.0,5660.2233103692415,0.0,0.0,0,0.06383524918221761,0.24486293145194304,0.6842159836919193,0.3130542734150614,0.3130542734150614,0.0,0.12767049836443523,89.5938576007668,100,20000,0.815,hard,12,
303.0,2253.702032663404,0.0,2987.8840195365283,168.4064155036146,293.66666666666663,148.1570567306631,298.3333333333333,3065.333077856998,152.03057959888272,0.52,26,-0.12699160601945955,0.1993484841193912,0.35858238787620755,0.733161995899914,0.7435503385786425,-0.325857779314905,0.07187456727598587,84.01587733815246,57,20000,0.818,nohealth,12,
327.33333333333337,2959.5735736996567,101.21375704112592,2959.5735736996567,101.21375704112592,295.66666666666663,66.15783459433774,327.33333333333337,2959.5735736996567,101.21375704112592,0.46,23,-0.12770653995379067,0.23808328497008246,0.38368975053748966,0.7308656295992493,0.7403043925148415,-0.3499525965922024,0.09453951668462104,85.46415520156646,99,20000,3.157,moead,12,0.4224027410373971
587.0,4655.319203296408,5.33417418204389,4655.319203296408,5.33417418204389,292.66666666666663,5.33417418204389,346.0,2993.54871062344,61.27018242374589,0.22,11,0.06884137760940595,0.27777285794697026,0.43225078258600713,0.40337630160904503,0.40337630160904503,-0.07496881326686163,0.21265156848567351,85.91903282256074,100,20000,0.798,full,13,0.4137646507798196
582.0,5079.255277591333,0.0,5138.460835418654,0.0,529.0,0.0,529.0,5177.3767204236165,0.0,0.0,0,0.11303760372495461,0.2891260086158599,0.5890971887039673,0.40337630160904503,0.40337630160904503,0.0,0.22607520744990922,87.91582754695142,37,20000,0.834,hard,13,
298.0,2022.130441404069,0.0,2582.6812736857887,91.78415372992806,282.33333333333337,91.78415372992806,298.0,2582.6812736857887,91.78415372992806,0.44,22,-0.04515044821743772,0.251091874437784,0.21116897015142655,0.7444572058622152,0.7514109877286134,-0.2690579259983742,0.17875702956349873,82.50788821755708,25,20000,0.818,nohealth,13,
361.6666666666667,2797.4787965601304,40.95358004642115,2797.4787965601304,40.95358004642115,286.0,40.95358004642115,296.66666666666663,2478.556357273319,83.28607551901246,0.4,20,-0.002103083922088722,0.26448705129776373,0.30123055287755585,0.4039886583677797,0.4039886583677797,-0.197866252024199,0.19366008418002156,84.09078362689584,100,20000,3.16,moead,13,0.4760937537551013
656.6666666666666,5303.769628947343,31.632905008850557,5303.769628947343,31.632905008850557,310.33333333333337,25.9664438770615,331.3333333333333,2941.4231849574817,168.0524993679586,0.14,7,-0.04725734270176511,0.16633180524639113,0.4873095779735541,0.3184417814980253,0.3184417814980253,-0.2061236078334983,0.11160892242996807,85.92171032595857,100,20000,0.807,full,14,0.4719672397093082
527.3333333333333,4979.674776519309,0.0,5140.854532092843,0.0,515.6666666666666,0.0,527.3333333333333,5140.854532092843,0.0,0.0,0,0.06319345159815085,0.1770775735853405,0.5757896501739308,0.30680354550185696,0.30680354550185696,0.0,0.1263869031963017,88.55872151103301,100,20000,0.831,hard,14,
291.66666666666663,1925.7434983076992,0.0,2711.4755791051857,221.75861888007128,284.3333333333333,187.60230875382297,311.33333333333337,2767.872505814654,190.9824621766931,0.52,26,-0.16014215359445774,0.11909522650285809,0.42237442207871734,0.7395571535276861,0.7395571535276861,-0.3820055728857242,0.06172126569680867,83.93616573856812,30,20000,0.823,nohealth,14,
381.0,2922.9162424961532,121.42814418288914,2922.9162424961532,121.42814418288914,301.66666666666663,121.42814418288914,310.3333333333333,2663.11679012122,152.28103832355563,0.4,20,-0.16328138311338702,0.15662777679919537,0.3735826801774136,0.7315788629458236,0.7696639148832687,-0.42665431381491503,0.10009154758814098,82.91243620071037,93,20000,3.119,moead,14,0.29237453009525904
314.66666666666663,2953.9784117249037,152.90524492624408,2953.9784117249037,152.90524492624408,314.66666666666663,19.06909182471478,341.6666666666667,3300.2206051153275,106.70313117206385,0.48,24,-0.1345922329873444,0.19768523334879495,0.3276235048251972,0.7302018973645041,0.766173727540101,-0.35780005999107994,0.08861559401639119,85.19432655471715,100,20000,0.802,full,15,0.4841312936927673
563.3333333333331,5178.236884491643,0.0,5329.3990965564435,0.0,518.3333333333333,0.0,531.3333333333333,5241.049607772105,0.0,0.0,0,0.06835154492447773,0.24441499669490052,0.6906888622890772,0.35453568606737923,0.35453568606737923,0.0,0.13670308984895546,88.82179381010131,100,20000,0.827,hard,15,
339.6666666666667,2104.5793011436676,0.0,2840.1382469104387,194.9787194668161,282.33333333333337,156.69483365502012,302.33333333333337,2745.2328273164517,160.96547075199823,0.56,28,-0.13902038162846203,0.17643522635346331,0.33741077594827606,0.7286193990084314,0.7286193990084314,-0.33720172042807056,0.059160957171146486,84.09228230130515,72,20000,0.861,nohealth,15,
335.33333333333337,2842.4300592244294,120.15558993424241,2842.4300592244294,120.15558993424241,287.0,96.8427022252805,289.66666666666663,2733.703150515039,156.12164811070707,0.42,21,-0.13642793060193764,0.21185963474351788,0.34633011196858976,0.7284802922548101,0.7658722865187392,-0.3752264415117916,0.10237058030791626,85.29034877151526,98,20000,3.126,moead,15,0.33223990220989624
635.0,4543.80145234949,28.812455937454384,4543.80145234949,28.812455937454384,309.66666666666663,14.876900211397658,328.0,3057.138032314507,124.20607350766943,0.28,14,-0.027940853409711024,0.18294715846147336,0.4597539575386551,0.306164891857608,0.306164891857608,-0.1705574911089157,0.11467578428949363,88.93087400635838,100,20000,0.777,full,16,0.505127391357094
570.0,5535.883551196529,0.0,5691.470888150672,0.0,557.0,0.0,570.0,5691.470888150672,0.0,0.0,0,0.0693567442107003,0.20268152158660568,0.6407092759461623,0.306164891857608,0.306164891857608,0.0,0.1387134884214006,89.31860939771369,100,20000,0.819,hard,16,
390.0,2277.7460846387094,0.0,3002.9996019389837,167.82730120549186,299.0,147.20729009783307,301.0,3114.4575198976077,152.50190796840036,0.54,27,-0.1237984262496696,0.17646359031089043,0.34362940633337735,0.7297161314371886,0.7297161314371886,-0.3321432289003917,0.0845463764010526,84.3501112242227,47,20000,0.82,nohealth,16,
327.33333333333337,2809.8088343805634,120.98088433015282,2809.8088343805634,120.98088433015282,307.6666666666667,81.41907252196805,307.6666666666667,2741.3355061130633,155.34099342640246,0.5,25,-0.12367377958242184,0.16653052209458974,0.3598770241178695,0.7366194825374545,0.7366194825374545,-0.3442458783217134,0.09689831915686968,84.21881489676989,95,20000,3.124,moead,16,0.3984319507616885
522.0,4036.523035185789,22.465762729074562,4036.523035185789,22.465762729074562,296.66666666666663,13.319649958623678,355.6666666666667,3128.264487036762,51.31099675510664,0.24,12,-0.03596483441945157,0.2371812323838448,0.4953603601233507,0.4148661270249999,0.4148661270249999,-0.19103977994283397,0.11911011110393084,89.70777326770951,100,20000,0.794,full,17,0.5593596880551478
505.6666666666667,4747.998991143988,0.0,4899.120152274959,0.0,497.00000000000006,0.0,505.6666666666667,4899.120152274959,0.0,0.0,0,0.07012555009039453,0.25872710587737713,0.673277785027742,0.4148661270249999,0.4148661270249999,0.0,0.14025110018078907,87.870217370922,100,20000,0.816,hard,17,
344.0,2162.4450640886616,0.0,2844.1891195630897,120.96736038256687,283.33333333333337,109.7786226013076,300.0,2603.074627699493,111.76043324691274,0.52,26,-0.11090515939290399,0.2376871980571843,0.3023543461171163,0.7262567207032761,0.7262567207032761,-0.2945720661847372,0.07276174739892922,85.51615931847692,45,20000,0.792,nohealth,17,
305.0,2640.955077607746,87.17287542655703,2640.955077607746,87.17287542655703,285.3333333333333,73.20036291571688,285.3333333333333,2545.6859856147717,105.53406616650743,0.44,22,-0.10857899851559824,0.23553218853973024,0.30380618280059557,0.7187297542539567,0.7693501211344727,-0.3174904779193344,0.10033248088813781,86.55645132554223,90,20000,3.152,moead,17,0.3295950352420718
637.6666666666666,4511.669689138898,10.125645314223624,4511.669689138898,10.125645314223624,325.66666666666663,8.437230785708916,380.66666666666663,3240.2600147340304,37.31502782064657,0.24,12,-0.001622050017867116,0.20814397506591908,0.2953938267405294,0.4558863766453769,0.4558863766453769,-0.16608655786118437,0.16284245782545012,84.33110969644224,100,20000,0.801,full,18,0.4579249968437593
579.6666666666666,5438.59125799087,0.0,5546.959626740386,0.0,565.0000000000001,0.0,570.3333333333334,5560.262395628583,0.0,0.0,0,0.08835527606720102,0.2439067781488653,0.596710110681347,0.42521318803445496,0.42521318803445496,0.0,0.17671055213440204,90.0722905199157,100,20000,0.823,hard,18,
355.00000000000006,2024.1879192029508,0.0,2617.0394965156934,91.57957709388616,303.0,70.83120271195878,321.6666666666667,2675.8231712392426,81.61505417932739,0.58,29,-0.05895999783389905,0.1695819516895387,0.24075109236380654,0.7453452989471389,0.7453452989471389,-0.2385759434057612,0.12065594773796309,81.5196645854871,52,20000,0.828,nohealth,18,
320.0,2598.396362848358,64.96893802429256,2598.396362848358,64.96893802429256,302.33333333333337,41.176167587844105,320.0,2598.396362848358,64.96893802429256,0.52,26,-0.05535872791865296,0.1911243173024073,0.24592902969473984,0.7414192857737156,0.7425455991639663,-0.2485575936568269,0.137840137819521,82.82011369647498,99,20000,3.122,moead,18,0.4301884505609595
680.6666666666666,5060.778300450047,30.292317004686165,5060.778300450047,30.292317004686165,308.6666666666667,27.364671140846667,436.0,3603.513376461611,63.74696637430229,0.18,9,-0.03353303677462049,0.24669754614806316,0.42518797248118867,0.3029397554043654,0.3029397554043654,-0.21493033161905584,0.14786425806981487,85.48341682295776,100,20000,0.8,full,19,0.5502434122180662
569.6666666666666,5366.656722284296,0.0,5486.72395377129,0.0,519.0,0.0,522.3333333333333,5515.473914630575,0.0,0.0,0,0.08120406278813537,0.26454541481074745,0.6286572930971905,0.3029397554043654,0.3029397554043654,0.0,0.16240812557627074,88.23707098080183,100,20000,0.815,hard,19,
286.0,2133.8549571160165,0.0,2843.377278201669,136.71975029959418,283.6666666666667,123.1914241136883,286.0,2823.7119819053723,132.23981846013245,0.42,21,-0.12283303274769211,0.18118454729737987,0.3033226511805258,0.7376604244852997,0.7668495093831128,-0.36703950519283624,0.12137343969745196,83.29120325235243,49,20000,0.819,nohealth,19,
386.33333333333337,2912.4639532639744,118.56266165962244,2912.4639532639744,118.56266165962244,291.33333333333337,76.67892555221464,321.3333333333333,2908.314100385883,128.4131159990245,0.4,20,-0.12635786201946986,0.20297516821907102,0.33281859927847735,0.7396205815256004,0.7639339004611003,-0.37783486909500763,0.12511914505606797,82.47389904099407,92,20000,3.129,moead,19,0.4474550249091236
311.6666666666667,2769.3831415142286,84.90950678969851,2769.3831415142286,84.90950678969851,301.6666666666667,11.672275578056395,346.6666666666667,2866.8163565364453,43.41466433076229,0.5,25,-0.10186579618032635,0.13489743448376568,0.3700783948730493,0.741229174400743,0.7632382399979406,-0.27185185135832934,0.06812025899767667,81.49276115689122,100,20000,0.802,full,20,0.4934503228671633
540.6666666666666,5184.266817512753,0.0,5354.441695069648,0.0,534.0,0.0,540.6666666666666,5354.441695069648,0.0,0.0,0,0.05835308711905696,0.18494769413101664,0.627494485671668,0.42345039645223287,0.42345039645223287,0.0,0.11670617423811391,87.33657804645134,40,20000,0.809,hard,20,
340.3333333333333,2115.417887123613,0.0,2785.7210548594903,90.59109169494573,283.0,83.66515685203392,293.0,2743.4564678424385,90.08663187850188,0.56,28,-0.10213773151287078,0.10768020689437452,0.3656458163240506,0.7351197158600167,0.7351197158600167,-0.2633243989397807,0.059048935914039126,83.5792552788177,33,20000,0.805,nohealth,20,
323.33333333333337,2701.274153605617,63.275623042528814,2701.274153605617,63.275623042528814,288.33333333333337,47.19291528289467,291.3333333333333,2621.9403017537643,76.73005187552367,0.44,22,-0.10063051451016829,0.1502031524359404,0.3753327444419656,0.7327981947386673,0.7376465923383065,-0.28317191494161226,0.08191088592127563,85.47156765668856,98,20000,3.112,moead,20,0.3850016098843113
672.6666666666667,4577.553974765988,10.039831687699003,4577.553974765988,10.039831687699003,303.0,7.5074321354939375,372.0,3586.7949690675314,31.98191117200598,0.2,10,0.0020776197364966386,0.24706271432490046,0.41117268743086544,0.36783207786804173,0.36783207786804173,-0.12415154009623872,0.128306779569232,87.06930636468203,100,20000,0.803,full,21,0.5338862485487792
533.3333333333333,5261.201323104297,0.0,5402.1453397196465,0.0,531.3333333333334,0.0,531.3333333333334,5405.786790369629,0.0,0.0,0,0.07562472187586172,0.2417769682430756,0.6623606513966149,0.36783207786804173,0.36783207786804173,0.0,0.15124944375172344,90.61901476403473,100,20000,0.819,hard,21,
360.00000000000006,2156.3064274681806,0.0,2801.759385338518,98.01958907500251,280.6666666666667,94.39391011819197,285.6666666666667,2739.4511375439347,94.39391011819197,0.54,27,-0.08954548527614917,0.14778189045305634,0.3305238671378252,0.7325158588353333,0.7325158588353333,-0.2593829918658409,0.08029202131354263,84.66893837462575,25,20000,0.809,nohealth,21,
294.0,2649.5370483077577,85.65704050816883,2649.5370483077577,85.65704050816883,293.0,34.48828754751478,302.0,2680.6831368427415,75.58342682981285,0.48,24,-0.08474511700713493,0.20113566486674728,0.3078142729224207,0.7417982141293131,0.7417982141293131,-0.2726434513763058,0.10315321736203595,83.45902328043239,97,20000,3.101,moead,21,0.509722303427557
614.6666666666667,4782.36753021949,16.624508906975755,4782.36753021949,16.624508906975755,282.33333333333337,16.624508906975755,358.0,3014.8011537484763,45.28799102810983,0.3,15,-0.0027581344157416423,0.268036771222426,0.4247412116116387,0.3137393541194783,0.3137393541194783,-0.15042480817244558,0.14490853934096232,86.56803073114233,100,20000,0.812,full,22,0.5434152786431153
541.6666666666666,5113.471368329442,0.0,5227.470827760979,0.0,532.0,0.0,541.6666666666666,5227.470827760979,0.0,0.0,0,0.08654855104118897,0.2797395488261585,0.6561959693921946,0.3137393541194783,0.3137393541194783,0.0,0.17309710208237794,90.33105610458844,100,20000,0.845,hard,22,
357.3333333333333,2079.596874077515,0.0,2737.4151369490955,121.58350001579105,275.0,110.63440790930332,280.3333333333333,2592.86109357808,115.47810589259294,0.44,22,-0.09555635375362294,0.23773934102460492,0.35484116906967467,0.7363462157776988,0.7363462157776988,-0.3150730474151627,0.12396033990791673,83.65856483945505,20,20000,0.822,nohealth,22,
317.3333333333333,2483.203539047249,104.19187838875759,2483.203539047249,104.19187838875759,280.3333333333333,56.82832121953585,291.66666666666663,2517.249825240776,97.0909428874007,0.46,23,-0.0951384180283263,0.2590686841985116,0.34435277102746165,0.7404855927622894,0.7506452083436349,-0.322261244436463,0.13198440837981035,83.36452823533791,91,20000,3.131,moead,22,0.503325342175625
376.0,2946.4948173553835,118.6727166044327,2946.4948173553835,118.6727166044327,331.0,18.169906997324517,382.66666666666663,3181.7175278614664,63.59271569162539,0.5,25,-0.09841642376321555,0.202341683360569,0.36629372938704274,0.7378972199282421,0.7378972199282421,-0.3015135923569775,0.10468074483054646,84.0963164016239,100,20000,0.791,full,23,0.5946020930493928
633.6666666666667,5353.561248891061,0.0,5498.603359134793,0.0,564.6666666666667,0.0,564.6666666666667,5513.254641339796,0.0,0.0,0,0.07337804867075925,0.2317140919515438,0.6383388352986958,0.3158085206812917,0.3158085206812917,0.0,0.1467560973415185,91.02805268151855,23,20000,0.819,hard,23,
402.3333333333333,2493.94361741591,0.0,3178.012183081636,153.38592644046042,305.6666666666667,130.3507606115371,305.6666666666667,2907.185962992021,130.3507606115371,0.54,27,-0.10326400961762043,0.18069097726281969,0.39179251657101144,0.7214910756607681,0.7214910756607681,-0.2931095872515551,0.08658156801631425,84.8303618790951,26,20000,0.812,nohealth,23,
328.66666666666663,2854.662242750721,88.24878940745131,2854.662242750721,88.24878940745131,309.6666666666667,62.74806611937887,309.6666666666667,2709.9948353433138,116.08372719224593,0.42,21,-0.09787821939044695,0.1970676663269334,0.3731269623370481,0.7294994933142244,0.7294994933142244,-0.31007252092709836,0.1143160821462045,84.8971799096957,78,20000,3.145,moead,23,0.42772068294782095
596.9999999999999,4741.581785545168,13.855138284626143,4741.581785545168,13.855138284626143,300.33333333333337,11.305615150507073,335.33333333333337,2736.718002254498,97.48634886448409,0.16,8,-0.018863005832348734,0.24965586307215204,0.4141928615713262,0.30667490420366283,0.30667490420366283,-0.17807586239280512,0.14034985072810766,88.84233475509978,100,20000,0.801,full,24,0.35433815961240217
525.3333333333333,4798.810107462007,0.0,4941.184970842932,0.0,523.3333333333333,0.0,525.3333333333333,4941.184970842932,0.0,0.0,0,0.0716065170284519,0.2438206089759407,0.6206556261642149,0.30667490420366283,0.30667490420366283,0.0,0.1432130340569038,88.7972638055223,80,20000,0.828,hard,24,
269.66666666666663,1838.128248892527,0.0,2520.6960554706925,130.02066828684298,269.0,116.43117734922143,269.66666666666663,2544.8793455935515,117.30991413566838,0.52,26,-0.10875646135597412,0.1779680311226579,0.3601586118874902,0.7503644006755225,0.7576793154600955,-0.3014650164779666,0.08395209376601842,80.99521946199158,53,20000,0.823,nohealth,24,
312.6666666666667,2654.5399374586405,78.32673491222249,2654.5399374586405,78.32673491222249,285.00000000000006,62.73029508208414,285.00000000000006,2419.8004425641957,108.63856714045431,0.44,22,-0.10892511885890022,0.2017127931713365,0.36440320691463035,0.7353785482100402,0.7353785482100402,-0.3252980983246272,0.10744786060682679,85.24787366668788,89,20000,3.124,moead,24,0.43217166603162355
698.3333333333334,4872.581010851764,23.173650782680784,4872.581010851764,23.173650782680784,298.6666666666667,21.610464559321933,367.33333333333337,3348.9120945265036,107.67005534998486,0.18,9,-0.08541305822234029,0.12065836659806428,0.45771225685750294,0.3938311204652987,0.3938311204652987,-0.25024932421673196,0.07942320777205136,85.51983963793907,100,20000,0.79,full,25,0.5011692420503321
536.0,5270.810666231163,0.0,5461.441863185357,0.0,513.0,0.0,513.0,5531.754559056419,0.0,0.0,0,0.04397502559611308,0.13330885521183744,0.6194054957955635,0.33441176769914865,0.33441176769914865,0.0,0.08795005119222617,86.4625098767175,60,20000,0.825,hard,25,
289.33333333333337,2069.6877323940585,0.0,2848.216300425218,173.9808274496225,273.6666666666667,157.6676445606071,288.0,2858.9284690221366,160.25151164169284,0.5,25,-0.15807704444581636,0.07836262598941823,0.45182058552316207,0.7447586096942117,0.7447586096942117,-0.3449419949976904,0.028787906106057637,82.49546988816817,46,20000,0.843,nohealth,25,
350.33333333333337,2916.3730783370956,108.06369162142528,2916.3730783370956,108.06369162142528,287.0,94.56648124618197,317.0,2786.722271818289,122.26079868443823,0.4,20,-0.15867179865461786,0.0998176970119875,0.4280017628802322,0.7234043658351609,0.7584476755075735,-0.38087112512995025,0.0635275278207145,85.06695129243366,86,20000,3.154,moead,25,0.37228952983686625
533.6666666666667,3967.39697277803,15.874343002758662,3967.39697277803,15.874343002758662,294.33333333333337,9.208215085591107,410.6666666666667,2994.1330259108245,52.97911262451986,0.26,13,-0.04051594869667964,0.22922489595856343,0.33358504681904,0.3074937805257015,0.3074937805257015,-0.23027002474468555,0.1492381273513263,83.63320608271651,100,20000,0.813,full,26,0.38343220429367847
563.6666666666666,5005.241158974095,0.0,5119.695250134477,0.0,494.6666666666667,0.0,508.00000000000006,5026.542351427999,0.0,0.0,0,0.08369138615263995,0.26961675586440836,0.6585402905681887,0.3074937805257015,0.3074937805257015,0.0,0.1673827723052799,91.40252333606665,92,20000,0.839,hard,26,
346.0,1908.0693516251624,0.0,2574.4308846669487,133.08867643369015,274.0,110.40789612649499,274.0,2699.9720002995628,112.77929873805576,0.52,26,-0.11193494953687899,0.18619900380127918,0.33328882958323924,0.7347376361412151,0.7347376361412151,-0.31584146724479234,0.09197156817103433,85.37535415057023,63,20000,0.814,nohealth,26,
303.0,2481.0329947330865,80.57582002947089,2481.0329947330865,80.57582002947089,269.6666666666667,62.85990277304166,272.0,2418.8326959442597,115.99594741813007,0.46,23,-0.11053573903627271,0.21893936525411684,0.3091355595537393,0.7406129383641704,0.7650334852583804,-0.3498853256860532,0.12881384761350775,85.16278571330679,95,20000,3.168,moead,26,0.39981013633119594
326.0,3140.043890454752,118.59276868117647,3140.043890454752,118.59276868117647,319.0,25.286386170497476,382.0,3559.2710564634663,63.24168553545101,0.48,24,-0.1123886871502088,0.18346873753307202,0.32142849125967987,0.7374240341281725,0.7440207890143686,-0.31718979433746314,0.09241242003704549,83.8158657080185,100,20000,0.801,full,27,0.5371417305886471
543.0,5411.461378362918,0.0,5570.589830010734,0.0,543.0,0.0,543.0,5570.589830010734,0.0,0.0,0,0.06529417259176695,0.2146278471927946,0.6775300154032686,0.4267015788733378,0.4267015788733378,0.0,0.1305883451835339,89.59621676231524,62,20000,0.827,hard,27,
346.6666666666667,2273.2851797611283,0.0,2978.4364600399094,135.21357942207044,288.66666666666663,129.80023515924609,312.33333333333337,2860.6902973950937,130.02959699544596,0.46,23,-0.1148004692748692,0.14159128588928105,0.3246842000294985,0.7310172518601467,0.7408700769209817,-0.30918926540719516,0.07958832685745676,84.36268571242132,24,20000,0.824,nohealth,27,
340.3333333333333,2867.6941005320896,99.9797724178346,2867.6941005320896,99.9797724178346,291.0,72.09522372441668,297.0,2845.456891928438,127.96722547816644,0.44,22,-0.11673192896727898,0.19424363709691705,0.3143847209418098,0.7275978969178755,0.7547409688280006,-0.3353214512255088,0.1018575932909509,84.85488299194269,97,20000,3.123,moead,27,0.29878633285523076
680.6666666666667,5457.7716241664575,19.724442922478588,5457.7716241664575,19.724442922478588,330.33333333333337,19.724442922478588,374.66666666666663,2952.627388738289,113.76846894127144,0.12,6,-0.023102006575249308,0.24596699816348688,0.427721391179007,0.34964960671307627,0.34964960671307627,-0.18788984876843634,0.14168583561793774,87.93858369589553,100,20000,0.801,full,28,0.5233288016464395
587.6666666666666,5353.752519729155,0.0,5487.594254792041,0.0,570.9999999999999,0.0,576.3333333333334,5489.094736273522,0.0,0.0,0,0.0779585604168052,0.263337922755179,0.6558325014978925,0.34964960671307627,0.34964960671307627,0.0,0.1559171208336104,88.91307796958557,49,20000,0.827,hard,28,
296.3333333333333,2182.4368262747457,0.0,2873.562708266794,149.93875033918457,296.3333333333333,141.5342209793205,341.6666666666667,2831.4928469598667,141.78341642260398,0.46,23,-0.10237784219822063,0.21291600598235705,0.3269017177675586,0.7457593540308055,0.751217792106275,-0.315246103140074,0.11049041874363275,80.54753278764065,22,20000,0.825,nohealth,28,
463.66666666666663,3122.7830180989054,94.12703088628972,3122.7830180989054,94.12703088628972,306.6666666666667,83.64255384465143,306.6666666666667,2778.423172644216,151.37575573013416,0.42,21,-0.10620079175318656,0.23922432248492287,0.33396628602239775,0.7165135450735063,0.7588294532731636,-0.34069145749872676,0.1282898739923537,87.08823921873653,93,20000,3.128,moead,28,0.31061385627611093
670.0000000000001,5190.951618241302,13.893748014997431,5190.951618241302,13.893748014997431,311.0,13.893748014997431,348.33333333333337,3331.696039431086,90.21885854629937,0.2,10,-0.024022086958534205,0.27709730383376996,0.5104809002188528,0.3368144063294138,0.3368144063294138,-0.15318247466374185,0.10513830074667344,85.25292992833096,100,20000,0.805,full,29,0.4427743954043677
537.0000000000001,5155.757969744853,0.0,5311.545925050249,0.0,532.3333333333333,0.0,537.0000000000001,5311.545925050249,0.0,0.0,0,0.06772296375884015,0.2785319809557256,0.6603096484064144,0.3368144063294138,0.3368144063294138,0.0,0.1354459275176803,90.9103467096967,29,20000,0.847,hard,29,
346.0,2112.0826741825913,0.0,2815.175182342612,138.10690730261348,292.0,121.61203696571533,301.3333333333333,2907.9661219261284,121.61203696571533,0.52,26,-0.11701259454375963,0.23932459282159846,0.34944570913854256,0.7327470908206687,0.7388720916974195,-0.3119505453320546,0.07792535624453534,82.62092371655517,68,20000,0.823,nohealth,29,
324.66666666666663,2824.037059686255,81.20903929857849,2824.037059686255,81.20903929857849,294.0,59.095416376227675,307.3333333333333,2769.7971575638153,106.02311384072277,0.44,22,-0.11826974944348283,0.24229868692530576,0.38255627273915227,0.7306501308855646,0.7550869834507452,-0.33526574487467753,0.09872624598771187,84.09941086592572,97,20000,3.132,moead,29,0.5051399174407426
600.6666666666667,4533.8432101281915,13.875788084021666,4533.8432101281915,13.875788084021666,286.33333333333337,13.276328186088826,318.33333333333337,2754.6816344002805,75.58142558724788,0.18,9,-0.01119615826214182,0.27022800520175816,0.4660734699173421,0.34748439816501486,0.34748439816501486,-0.1454583139209161,0.12306599739663246,84.33447685816407,100,20000,0.786,full,30,0.47976532406255856
520.3333333333333,5026.166250198808,0.0,5170.633542639314,0.0,509.00000000000006,0.0,520.3333333333333,5170.633542639314,0.0,0.0,0,0.06852527676926908,0.2720013199069987,0.7028762673649347,0.34748439816501486,0.34748439816501486,0.0,0.13705055353853815,85.99327672236977,100,20000,0.829,hard,30,
370.0,1892.8914867312967,0.0,2568.1025633355844,110.24833875647998,271.00000000000006,99.46336391237111,274.33333333333337,2543.5151560001154,104.86069788975857,0.56,28,-0.11319158345498523,0.2186693987709265,0.37092646690078857,0.7268733954336918,0.7268733954336918,-0.29626170879899916,0.06987854188902869,84.33132269071078,30,20000,0.836,nohealth,30,
297.0,2509.690720609333,76.42120401933333,2509.690720609333,76.42120401933333,283.6666666666667,60.34450057897415,283.6666666666667,2437.235667723849,94.73131031525524,0.44,22,-0.10979577438718535,0.24568040683703407,0.37811722463144726,0.7380813850512085,0.7493785267652063,-0.31575067907296966,0.09615913029859897,84.21421910049116,96,20000,3.115,moead,30,0.40056069344268463
