scenario,seed,instance,f1_event_stdA,f1_event_EHCO,abs_diff,deg_diff
congestion,1,0,563.0,563.0,0.0,0.0
congestion,2,0,531.0,531.0,0.0,0.0
congestion,3,0,667.0,667.0,0.0,0.0
congestion,4,0,529.0,529.0,0.0,0.0
congestion,5,0,591.0,591.0,0.0,0.0
congestion,6,0,558.0,558.0,0.0,0.0
congestion,7,0,757.0,757.0,0.0,0.0
congestion,8,0,485.0,485.0,0.0,0.0
congestion,9,0,666.0,666.0,0.0,0.0
congestion,10,0,515.0,515.0,0.0,0.0
congestion,11,0,711.0,711.0,0.0,0.0
congestion,12,0,530.0,530.0,0.0,0.0
congestion,13,0,595.0,595.0,0.0,0.0
congestion,14,0,520.0,520.0,0.0,0.0
congestion,15,0,654.0,654.0,0.0,0.0
congestion,16,0,626.0,626.0,0.0,0.0
congestion,17,0,577.0,577.0,0.0,0.0
congestion,18,0,760.0,760.0,0.0,0.0
congestion,19,0,603.0,603.0,0.0,0.0
congestion,20,0,644.0,644.0,0.0,0.0
congestion,21,0,726.0,726.0,0.0,0.0
congestion,22,0,553.0,553.0,0.0,0.0
congestion,23,0,802.0,802.0,0.0,0.0
congestion,24,0,483.0,483.0,0.0,0.0
congestion,25,0,375.0,375.0,0.0,0.0
congestion,26,0,442.0,442.0,0.0,0.0
congestion,27,0,901.0,901.0,0.0,0.0
congestion,28,0,555.0,555.0,0.0,0.0
congestion,29,0,589.0,589.0,0.0,0.0
congestion,30,0,506.0,506.0,0.0,0.0
congestion,1,1,604.0,604.0,0.0,0.0
congestion,2,1,516.0,516.0,0.0,0.0
congestion,3,1,577.0,577.0,0.0,0.0
congestion,4,1,557.0,557.0,0.0,0.0
congestion,5,1,496.0,496.0,0.0,0.0
congestion,6,1,550.0,550.0,0.0,0.0
congestion,7,1,629.0,629.0,0.0,0.0
congestion,8,1,510.0,510.0,0.0,0.0
congestion,9,1,555.0,555.0,0.0,0.0
congestion,10,1,524.0,524.0,0.0,0.0
congestion,11,1,475.0,475.0,0.0,0.0
congestion,12,1,510.0,510.0,0.0,0.0
congestion,13,1,524.0,524.0,0.0,0.0
congestion,14,1,447.0,447.0,0.0,0.0
congestion,15,1,562.0,562.0,0.0,0.0
congestion,16,1,539.0,539.0,0.0,0.0
congestion,17,1,401.0,401.0,0.0,0.0
congestion,18,1,634.0,634.0,0.0,0.0
congestion,19,1,482.0,482.0,0.0,0.0
congestion,20,1,475.0,475.0,0.0,0.0
congestion,21,1,551.0,551.0,0.0,0.0
congestion,22,1,603.0,603.0,0.0,0.0
congestion,23,1,657.0,657.0,0.0,0.0
congestion,24,1,446.0,446.0,0.0,0.0
congestion,25,1,694.0,694.0,0.0,0.0
congestion,26,1,479.0,479.0,0.0,0.0
congestion,27,1,523.0,523.0,0.0,0.0
congestion,28,1,502.0,502.0,0.0,0.0
congestion,29,1,585.0,585.0,0.0,0.0
congestion,30,1,609.0,609.0,0.0,0.0
congestion,1,2,385.0,385.0,0.0,0.0
congestion,2,2,422.0,422.0,0.0,0.0
congestion,3,2,356.0,356.0,0.0,0.0
congestion,4,2,416.0,416.0,0.0,0.0
congestion,5,2,410.0,410.0,0.0,0.0
congestion,6,2,317.0,317.0,0.0,0.0
congestion,7,2,391.0,391.0,0.0,0.0
congestion,8,2,429.0,429.0,0.0,0.0
congestion,9,2,396.0,396.0,0.0,0.0
congestion,10,2,325.0,325.0,0.0,0.0
congestion,11,2,437.0,437.0,0.0,0.0
congestion,12,2,373.0,373.0,0.0,0.0
congestion,13,2,384.0,384.0,0.0,0.0
congestion,14,2,315.0,315.0,0.0,0.0
congestion,15,2,569.0,569.0,0.0,0.0
congestion,16,2,376.0,376.0,0.0,0.0
congestion,17,2,369.0,369.0,0.0,0.0
congestion,18,2,398.0,398.0,0.0,0.0
congestion,19,2,369.0,369.0,0.0,0.0
congestion,20,2,340.0,340.0,0.0,0.0
congestion,21,2,426.0,426.0,0.0,0.0
congestion,22,2,446.0,446.0,0.0,0.0
congestion,23,2,482.0,482.0,0.0,0.0
congestion,24,2,302.0,302.0,0.0,0.0
congestion,25,2,416.0,416.0,0.0,0.0
congestion,26,2,329.0,329.0,0.0,0.0
congestion,27,2,475.0,475.0,0.0,0.0
congestion,28,2,405.0,405.0,0.0,0.0
congestion,29,2,376.0,376.0,0.0,0.0
congestion,30,2,378.0,378.0,0.0,0.0
congestion,1,3,433.0,433.0,0.0,0.0
congestion,2,3,400.0,400.0,0.0,0.0
congestion,3,3,425.0,425.0,0.0,0.0
congestion,4,3,620.0,620.0,0.0,0.0
congestion,5,3,412.0,412.0,0.0,0.0
congestion,6,3,353.0,353.0,0.0,0.0
congestion,7,3,399.0,399.0,0.0,0.0
congestion,8,3,340.0,340.0,0.0,0.0
congestion,9,3,517.0,517.0,0.0,0.0
congestion,10,3,422.0,422.0,0.0,0.0
congestion,11,3,471.0,471.0,0.0,0.0
congestion,12,3,416.0,416.0,0.0,0.0
congestion,13,3,389.0,389.0,0.0,0.0
congestion,14,3,421.0,421.0,0.0,0.0
congestion,15,3,472.0,472.0,0.0,0.0
congestion,16,3,366.0,366.0,0.0,0.0
congestion,17,3,429.0,429.0,0.0,0.0
congestion,18,3,401.0,401.0,0.0,0.0
congestion,19,3,344.0,344.0,0.0,0.0
congestion,20,3,375.0,375.0,0.0,0.0
congestion,21,3,374.0,374.0,0.0,0.0
congestion,22,3,674.0,674.0,0.0,0.0
congestion,23,3,504.0,504.0,0.0,0.0
congestion,24,3,480.0,480.0,0.0,0.0
congestion,25,3,552.0,552.0,0.0,0.0
congestion,26,3,369.0,369.0,0.0,0.0
congestion,27,3,492.0,492.0,0.0,0.0
congestion,28,3,478.0,478.0,0.0,0.0
congestion,29,3,474.0,474.0,0.0,0.0
congestion,30,3,405.0,405.0,0.0,0.0
congestion,1,4,471.0,471.0,0.0,0.0
congestion,2,4,458.0,458.0,0.0,0.0
congestion,3,4,476.0,476.0,0.0,0.0
congestion,4,4,551.0,551.0,0.0,0.0
congestion,5,4,440.0,440.0,0.0,0.0
congestion,6,4,479.0,479.0,0.0,0.0
congestion,7,4,421.0,421.0,0.0,0.0
congestion,8,4,468.0,468.0,0.0,0.0
congestion,9,4,465.0,465.0,0.0,0.0
congestion,10,4,468.0,468.0,0.0,0.0
congestion,11,4,496.0,496.0,0.0,0.0
congestion,12,4,511.0,511.0,0.0,0.0
congestion,13,4,511.0,511.0,0.0,0.0
congestion,14,4,456.0,456.0,0.0,0.0
congestion,15,4,465.0,465.0,0.0,0.0
congestion,16,4,526.0,526.0,0.0,0.0
congestion,17,4,480.0,480.0,0.0,0.0
congestion,18,4,445.0,445.0,0.0,0.0
congestion,19,4,415.0,415.0,0.0,0.0
congestion,20,4,469.0,469.0,0.0,0.0
congestion,21,4,394.0,394.0,0.0,0.0
congestion,22,4,459.0,459.0,0.0,0.0
congestion,23,4,559.0,559.0,0.0,0.0
congestion,24,4,412.0,412.0,0.0,0.0
congestion,25,4,462.0,462.0,0.0,0.0
congestion,26,4,374.0,374.0,0.0,0.0
congestion,27,4,624.0,624.0,0.0,0.0
congestion,28,4,503.0,503.0,0.0,0.0
congestion,29,4,417.0,417.0,0.0,0.0
congestion,30,4,388.0,388.0,0.0,0.0
fault,1,0,411.0,411.0,0.0,0.0
fault,2,0,325.0,325.0,0.0,0.0
fault,3,0,324.0,324.0,0.0,0.0
fault,4,0,394.0,394.0,0.0,0.0
fault,5,0,334.0,334.0,0.0,0.0
fault,6,0,313.0,313.0,0.0,0.0
fault,7,0,355.0,355.0,0.0,0.0
fault,8,0,350.0,350.0,0.0,0.0
fault,9,0,373.0,373.0,0.0,0.0
fault,10,0,293.0,293.0,0.0,0.0
fault,11,0,392.0,392.0,0.0,0.0
fault,12,0,313.0,313.0,0.0,0.0
fault,13,0,332.0,332.0,0.0,0.0
fault,14,0,280.0,280.0,0.0,0.0
fault,15,0,369.0,369.0,0.0,0.0
fault,16,0,300.0,300.0,0.0,0.0
fault,17,0,391.0,391.0,0.0,0.0
fault,18,0,428.0,428.0,0.0,0.0
fault,19,0,308.0,308.0,0.0,0.0
fault,20,0,399.0,399.0,0.0,0.0
fault,21,0,337.0,337.0,0.0,0.0
fault,22,0,379.0,379.0,0.0,0.0
fault,23,0,357.0,357.0,0.0,0.0
fault,24,0,281.0,281.0,0.0,0.0
fault,25,0,356.0,356.0,0.0,0.0
fault,26,0,285.0,285.0,0.0,0.0
fault,27,0,473.0,473.0,0.0,0.0
fault,28,0,335.0,335.0,0.0,0.0
fault,29,0,348.0,348.0,0.0,0.0
fault,30,0,302.0,302.0,0.0,0.0
fault,1,1,323.0,323.0,0.0,0.0
fault,2,1,371.0,371.0,0.0,0.0
fault,3,1,340.0,340.0,0.0,0.0
fault,4,1,331.0,331.0,0.0,0.0
fault,5,1,399.0,399.0,0.0,0.0
fault,6,1,367.0,367.0,0.0,0.0
fault,7,1,362.0,362.0,0.0,0.0
fault,8,1,381.0,381.0,0.0,0.0
fault,9,1,340.0,340.0,0.0,0.0
fault,10,1,278.0,278.0,0.0,0.0
fault,11,1,355.0,355.0,0.0,0.0
fault,12,1,356.0,356.0,0.0,0.0
fault,13,1,331.0,331.0,0.0,0.0
fault,14,1,333.0,333.0,0.0,0.0
fault,15,1,339.0,339.0,0.0,0.0
fault,16,1,393.0,393.0,0.0,0.0
fault,17,1,312.0,312.0,0.0,0.0
fault,18,1,348.0,348.0,0.0,0.0
fault,19,1,298.0,298.0,0.0,0.0
fault,20,1,309.0,309.0,0.0,0.0
fault,21,1,373.0,373.0,0.0,0.0
fault,22,1,367.0,367.0,0.0,0.0
fault,23,1,352.0,352.0,0.0,0.0
fault,24,1,333.0,333.0,0.0,0.0
fault,25,1,349.0,349.0,0.0,0.0
fault,26,1,275.0,275.0,0.0,0.0
fault,27,1,333.0,333.0,0.0,0.0
fault,28,1,335.0,335.0,0.0,0.0
fault,29,1,366.0,366.0,0.0,0.0
fault,30,1,377.0,377.0,0.0,0.0
fault,1,2,316.0,316.0,0.0,0.0
fault,2,2,325.0,325.0,0.0,0.0
fault,3,2,380.0,380.0,0.0,0.0
fault,4,2,394.0,394.0,0.0,0.0
fault,5,2,593.0,593.0,0.0,0.0
fault,6,2,297.0,297.0,0.0,0.0
fault,7,2,355.0,355.0,0.0,0.0
fault,8,2,480.0,480.0,0.0,0.0
fault,9,2,373.0,373.0,0.0,0.0
fault,10,2,284.0,284.0,0.0,0.0
fault,11,2,456.0,456.0,0.0,0.0
fault,12,2,364.0,364.0,0.0,0.0
fault,13,2,380.0,380.0,0.0,0.0
fault,14,2,280.0,280.0,0.0,0.0
fault,15,2,369.0,369.0,0.0,0.0
fault,16,2,300.0,300.0,0.0,0.0
fault,17,2,391.0,391.0,0.0,0.0
fault,18,2,428.0,428.0,0.0,0.0
fault,19,2,404.0,404.0,0.0,0.0
fault,20,2,452.0,452.0,0.0,0.0
fault,21,2,487.0,487.0,0.0,0.0
fault,22,2,507.0,507.0,0.0,0.0
fault,23,2,406.0,406.0,0.0,0.0
fault,24,2,275.0,275.0,0.0,0.0
fault,25,2,619.0,619.0,0.0,0.0
fault,26,2,285.0,285.0,0.0,0.0
fault,27,2,473.0,473.0,0.0,0.0
fault,28,2,447.0,447.0,0.0,0.0
fault,29,2,348.0,348.0,0.0,0.0
fault,30,2,398.0,398.0,0.0,0.0
fault,1,3,328.0,328.0,0.0,0.0
fault,2,3,309.0,309.0,0.0,0.0
fault,3,3,384.0,384.0,0.0,0.0
fault,4,3,324.0,324.0,0.0,0.0
fault,5,3,357.0,357.0,0.0,0.0
fault,6,3,336.0,336.0,0.0,0.0
fault,7,3,346.0,346.0,0.0,0.0
fault,8,3,330.0,330.0,0.0,0.0
fault,9,3,324.0,324.0,0.0,0.0
fault,10,3,300.0,300.0,0.0,0.0
fault,11,3,330.0,330.0,0.0,0.0
fault,12,3,341.0,341.0,0.0,0.0
fault,13,3,332.0,332.0,0.0,0.0
fault,14,3,361.0,361.0,0.0,0.0
fault,15,3,293.0,293.0,0.0,0.0
fault,16,3,313.0,313.0,0.0,0.0
fault,17,3,329.0,329.0,0.0,0.0
fault,18,3,350.0,350.0,0.0,0.0
fault,19,3,367.0,367.0,0.0,0.0
fault,20,3,309.0,309.0,0.0,0.0
fault,21,3,336.0,336.0,0.0,0.0
fault,22,3,359.0,359.0,0.0,0.0
fault,23,3,351.0,351.0,0.0,0.0
fault,24,3,308.0,308.0,0.0,0.0
fault,25,3,317.0,317.0,0.0,0.0
fault,26,3,317.0,317.0,0.0,0.0
fault,27,3,341.0,341.0,0.0,0.0
fault,28,3,322.0,322.0,0.0,0.0
fault,29,3,297.0,297.0,0.0,0.0
fault,30,3,298.0,298.0,0.0,0.0
fault,1,4,352.0,352.0,0.0,0.0
fault,2,4,300.0,300.0,0.0,0.0
fault,3,4,328.0,328.0,0.0,0.0
fault,4,4,323.0,323.0,0.0,0.0
fault,5,4,307.0,307.0,0.0,0.0
fault,6,4,379.0,379.0,0.0,0.0
fault,7,4,345.0,345.0,0.0,0.0
fault,8,4,376.0,376.0,0.0,0.0
fault,9,4,328.0,328.0,0.0,0.0
fault,10,4,310.0,310.0,0.0,0.0
fault,11,4,352.0,352.0,0.0,0.0
fault,12,4,302.0,302.0,0.0,0.0
fault,13,4,327.0,327.0,0.0,0.0
fault,14,4,314.0,314.0,0.0,0.0
fault,15,4,315.0,315.0,0.0,0.0
fault,16,4,336.0,336.0,0.0,0.0
fault,17,4,382.0,382.0,0.0,0.0
fault,18,4,350.0,350.0,0.0,0.0
fault,19,4,328.0,328.0,0.0,0.0
fault,20,4,316.0,316.0,0.0,0.0
fault,21,4,313.0,313.0,0.0,0.0
fault,22,4,328.0,328.0,0.0,0.0
fault,23,4,374.0,374.0,0.0,0.0
fault,24,4,290.0,290.0,0.0,0.0
fault,25,4,284.0,284.0,0.0,0.0
fault,26,4,317.0,317.0,0.0,0.0
fault,27,4,360.0,360.0,0.0,0.0
fault,28,4,353.0,353.0,0.0,0.0
fault,29,4,290.0,290.0,0.0,0.0
fault,30,4,329.0,329.0,0.0,0.0
