algo,metric,mean,std,ci95_lo,ci95_hi
AW-NSGA-II,f1,320.9222222222223,34.16566394192556,308.16455363989235,333.6798908045522
AW-NSGA-II,f2,2432.179137826439,148.8110926308032,2376.612162620419,2487.7461130324587
AW-NSGA-II,f3,1320.5777777777776,79.57200808065129,1290.8651016462973,1350.2904539092578
AW-NSGA-II,f4,0.0,0.0,0.0,0.0
AW-NSGA-II,hv,0.529929293434484,0.11583211378011828,0.4866768713153254,0.5731817155536427
AW-NSGA-II,hv_sub,0.4493289273762119,0.12504330827424545,0.40263698870607373,0.49602086604635004
AW-NSGA-II,delta_h_mean,0.08152015697815604,0.0285246925568308,0.07086886172829732,0.09217145222801476
AW-NSGA-II,gini_delta_h,0.3941167212289297,0.06503810359724434,0.3698310942226096,0.4184023482352498
NSGA-II-2obj,f1,312.7555555555556,23.326589063631886,304.04526404956107,321.4658470615501
NSGA-II-2obj,f2,2364.4809200322616,131.1451792457591,2315.510505295654,2413.451334768869
NSGA-II-2obj,f3,1366.6555555555558,75.3506990122503,1338.519142135369,1394.7919689757425
NSGA-II-2obj,f4,0.0,0.0,0.0,0.0
NSGA-II-2obj,hv,0.23216130895753112,0.09276860765387461,0.1975209415610699,0.2668016763539923
NSGA-II-2obj,hv_sub,0.5770503458385949,0.1688670402958496,0.5139943566959473,0.6401063349812426
NSGA-II-2obj,delta_h_mean,0.08311943464794423,0.02866817279582783,0.0724145629963405,0.09382430629954797
NSGA-II-2obj,gini_delta_h,0.37774118615159935,0.07276121441761889,0.3505717021700885,0.4049106701331102
NSGA-II-3obj,f1,328.77777777777777,41.76942119081352,313.1808195762942,344.37473597926135
NSGA-II-3obj,f2,2449.162516177336,167.43328947272488,2386.641898390625,2511.6831339640466
NSGA-II-3obj,f3,1324.1277777777782,71.0933992998662,1297.5810661962141,1350.6744893593423
NSGA-II-3obj,f4,0.0,0.0,0.0,0.0
NSGA-II-3obj,hv,0.5021406703043751,0.1503833798034097,0.4459865934193578,0.5582947471893924
NSGA-II-3obj,hv_sub,0.6354562650331258,0.12810194566527702,0.5876222123910586,0.683290317675193
NSGA-II-3obj,delta_h_mean,0.08183367740247063,0.02835125557105821,0.07124714458744022,0.09242021021750105
NSGA-II-3obj,gini_delta_h,0.3852266020418599,0.06766961686714656,0.3599583518315979,0.41049485225212184
NSGA-III,f1,336.6777777777778,39.239658894293235,322.02544834235414,351.3301072132015
NSGA-III,f2,2446.848508340603,155.91677311910772,2388.628228434408,2505.0687882467982
NSGA-III,f3,1321.8333333333335,77.3187288032776,1292.9620455118543,1350.7046211548127
NSGA-III,f4,0.0,0.0,0.0,0.0
NSGA-III,hv,0.5256242075157388,0.12875735450231768,0.4775454211918352,0.5737029938396424
NSGA-III,hv_sub,0.4542306463948388,0.14268085676143055,0.40095273888221716,0.5075085539074604
NSGA-III,delta_h_mean,0.08075288058355286,0.02941384484529977,0.06976957041266732,0.0917361907544384
NSGA-III,gini_delta_h,0.38359770428590295,0.06581949279188251,0.3590203017591085,0.4081751068126974
MOEA/D,f1,286.6333333333333,14.078964499540085,281.3761615900056,291.89050507666104
MOEA/D,f2,2245.6606449895075,110.07019625886319,2204.5597582322794,2286.7615317467357
MOEA/D,f3,1315.8333333333333,69.57700604448966,1289.8528522990655,1341.813814367601
MOEA/D,f4,0.0,0.0,0.0,0.0
MOEA/D,hv,0.7344603334335299,0.10724239484891004,0.6944153650763116,0.7745053017907482
MOEA/D,hv_sub,0.6797630857661264,0.1429072979670946,0.626400623717695,0.7331255478145579
MOEA/D,delta_h_mean,0.08300716718559922,0.028614907590637645,0.07232218508848919,0.09369214928270926
MOEA/D,gini_delta_h,0.3829428494801705,0.06969705947765466,0.35691753975721996,0.408968159203121
GA-SA,f1,296.96666666666675,22.36639344095412,288.61491809866834,305.31841523466517
GA-SA,f2,2391.7700716604986,128.92885143920913,2343.6272473279246,2439.9128959930727
GA-SA,f3,1292.7666666666664,71.03887824439668,1266.2403135817972,1319.2930197515357
GA-SA,f4,0.0,0.0,0.0,0.0
GA-SA,hv,0.4919751014765325,0.18762759262834441,0.42191380696395986,0.5620363959891052
GA-SA,hv_sub,0.4495292323003428,0.22792596577595067,0.3644202779530861,0.5346381866475994
GA-SA,delta_h_mean,0.08153624136077763,0.0281235282341759,0.07103474333084665,0.0920377393907086
GA-SA,gini_delta_h,0.3664367872466293,0.06017407515339329,0.3439674183106092,0.38890615618264945
A*-GA,f1,298.58888888888885,12.13767868801892,294.0566051807846,303.1211725969931
A*-GA,f2,2364.547973660539,134.54556021960076,2314.3078358009834,2414.7881115200944
A*-GA,f3,1382.2222222222222,74.58692546840996,1354.371006530399,1410.0734379140454
A*-GA,f4,0.0,0.0,0.0,0.0
A*-GA,hv,0.15064441796319777,0.10053369519268325,0.11310451922728154,0.188184316699114
A*-GA,hv_sub,1.0,0.0,1.0,1.0
A*-GA,delta_h_mean,0.08592963643103904,0.028750362110956412,0.07519407478479036,0.09666519807728773
A*-GA,gini_delta_h,0.3864746634120514,0.060503822281863885,0.36388216487468195,0.40906716194942083
LWC,f1,333.93333333333334,38.826897498366506,319.43513153616556,348.4315351305011
LWC,f2,2463.2698966986,157.48614265881167,2404.4636045754382,2522.0761888217617
LWC,f3,1317.7722222222221,71.42786307348088,1291.1006198150671,1344.443824629377
LWC,f4,0.0,0.0,0.0,0.0
LWC,hv,0.5205626343158641,0.1434282793918369,0.4670056346062969,0.5741196340254313
LWC,hv_sub,0.44845266828146246,0.15328454857830962,0.39121527717212656,0.5056900593907984
LWC,delta_h_mean,0.08136232918894969,0.028419104806601335,0.07075046105299312,0.09197419732490625
LWC,gini_delta_h,0.3887743371653864,0.069845038964787,0.3626937709938263,0.41485490333694647
