seed,algo,f1,f2,f3,f4,hv,hv_sub,front_size,evals,wall_s,delta_h_mean,delta_h_max,gini_delta_h,T_end_max,cycles_max
31,AW-NSGA-II,266.0,2351.775077086383,1205.3333333333333,0.0,0.5117283599428452,0.43613591572094346,31,20000,0.757,0.05733147518392832,0.22295785463235163,0.5024658272888392,81.32526613678536,0.7160000000000005
31,NSGA-II-2obj,309.0,2106.3482150080936,1229.6666666666667,0.0,0.2278944271646882,0.5777094228993942,7,20000,4.129,0.05553611744591541,0.2259091767167175,0.5133662714307607,80.27069315932792,0.8520000000000006
31,NSGA-II-3obj,282.0,2222.3013195152344,1236.0000000000002,0.0,0.5672204158267196,0.6185213786295845,57,20000,5.045,0.05728131868666916,0.22677175509996939,0.46604355375363427,79.20332895617784,0.7680000000000006
31,NSGA-III,432.33333333333337,2695.7088305886923,1179.0000000000002,0.0,0.5142253454767678,0.41588005697642666,26,20000,4.953,0.04942798130239442,0.24313860391888165,0.3531740354759443,85.61569828669003,1.161999999999995
31,MOEA/D,271.6666666666667,2075.7516412834575,1203.0000000000002,0.0,0.556551046740533,0.37990693793951363,83,20000,17.691,0.055295325851183,0.20271039295139248,0.4355934560678907,79.61924425604752,0.7400000000000005
31,GA-SA,270.0,2312.528951444645,1155.0000000000002,0.0,0.5662239564566013,0.5662239564566013,1,20000,40.163,0.054165979389599016,0.19780543818878205,0.38662612576440925,79.25943113295855,0.7220000000000005
31,A*-GA,281.3333333333333,2129.7994338750746,1240.3333333333333,0.0,0.3446878064580721,1.0,1,20000,6.151,0.058475897509453575,0.22740699556722044,0.49541307074338214,81.58565693316395,0.7760000000000006
31,LWC,332.6666666666667,2257.717991886937,1196.6666666666667,0.0,0.5139027612063737,0.3993598300279443,50,20000,4.797,0.05472027675673815,0.22754870015133644,0.4353310028776023,81.78930993775045,0.9080000000000007
32,AW-NSGA-II,288.33333333333337,2479.3679010312144,1317.4999999999998,0.0,0.4868392855311664,0.4403415025267896,34,20000,4.772,0.06000629710661169,0.20951403715734618,0.4306554615260638,82.24205165235543,0.7900000000000006
32,NSGA-II-2obj,298.3333333333333,2448.428254706594,1358.1666666666665,0.0,0.26732028237248573,0.6065907834269252,7,20000,5.066,0.06314513707623473,0.22344431521282448,0.4537321052028782,81.19686355573141,0.8200000000000006
32,NSGA-II-3obj,377.66666666666674,2577.7565223943307,1305.6666666666665,0.0,0.6199664655929559,0.6506925091190983,57,20000,4.741,0.05696074580969059,0.18959136394331233,0.37344478339123777,84.46910577498832,1.0279999999999998
32,NSGA-III,367.33333333333337,2577.679625560494,1296.8333333333335,0.0,0.6846239422151367,0.7303465741417704,25,20000,4.654,0.055336347205355386,0.2164534060126685,0.3497053318496335,86.96025840396365,1.0120000000000005
32,MOEA/D,287.0,2289.3638009830356,1330.0,0.0,0.6424434310301739,0.5284743694774348,93,20000,18.173,0.06054775215061113,0.1793457736490589,0.36353777413830346,84.44940729177767,0.7860000000000006
32,GA-SA,343.0,2532.1265300416762,1301.8333333333335,0.0,0.1822472194552186,0.1962574044286463,1,20000,38.623,0.057036380789350714,0.2179226655931188,0.45933543327486825,84.79061120856869,0.9240000000000007
32,A*-GA,297.0,2225.252789887942,1379.6666666666665,0.0,0.27049654025523995,1.0,7,20000,6.657,0.06227582386970006,0.21293187196216568,0.3559622136491736,81.45058921920123,0.8160000000000006
32,LWC,303.0,2425.311179256398,1314.5000000000002,0.0,0.5738868533103866,0.5295393846912151,24,20000,5.088,0.05919172519189818,0.2098132181023743,0.4167236027713761,82.70829326315896,0.8340000000000006
33,AW-NSGA-II,324.33333333333337,2483.6253195657027,1342.8333333333335,0.0,0.6096568974051342,0.3782792970320265,32,20000,5.105,0.03761729011631622,0.20190686579664952,0.42749316366635304,84.39480971801424,0.8980000000000007
33,NSGA-II-2obj,301.0,2415.0441050201644,1395.0,0.0,0.23052551529669738,0.324319951734149,3,20000,5.637,0.037160000017127784,0.19245037686524902,0.35584735095732856,81.9538467304273,0.8420000000000006
33,NSGA-II-3obj,313.3333333333333,2542.23713301678,1354.5,0.0,0.3174076667625622,0.8406084853141061,53,20000,5.164,0.038884740505444715,0.17140783493315392,0.3753663753886918,85.28340132326309,0.8800000000000007
33,NSGA-III,296.3333333333333,2475.5572716082393,1356.6666666666667,0.0,0.5414190246303385,0.2080359120216161,24,20000,4.639,0.037274321655199685,0.1759343737100768,0.3900259289740904,83.3040692747286,0.8140000000000006
33,MOEA/D,289.33333333333337,2423.5411012087015,1329.1666666666665,0.0,0.7911814164676683,0.6652509140812665,95,20000,17.824,0.039414518761050635,0.17779253481007162,0.37512448469158954,84.21244607236606,0.8080000000000006
33,GA-SA,317.3333333333333,2570.319833402041,1314.3333333333333,0.0,0.32059599904309055,0.047096881493895196,1,20000,35.634,0.0385567574415968,0.17409998674566085,0.33086199418271556,83.76426114922043,0.8320000000000006
33,A*-GA,302.33333333333337,2388.177491132792,1426.8333333333333,0.0,0.19928185307109308,1.0,1,20000,3.326,0.039949008902704974,0.19425516485369376,0.40321446643096626,83.22719915346627,0.8320000000000006
33,LWC,317.3333333333333,2409.5379642125736,1359.1666666666667,0.0,0.748262421747363,0.6211426193845141,25,20000,4.432,0.03661606297093116,0.17674454266578632,0.4505786352810228,85.30840936393264,0.8620000000000007
34,AW-NSGA-II,301.6666666666667,2446.2505094521366,1430.6666666666667,0.0,0.7126220277819729,0.6665358317222643,36,20000,4.51,0.1469419879391953,0.26115319634257417,0.32596149859726165,84.64436144411071,0.8300000000000006
34,NSGA-II-2obj,350.3333333333333,2409.7680862023667,1481.666666666667,0.0,0.27754003872916466,0.7599813162268156,7,20000,5.121,0.14626534056041235,0.2307652259837929,0.29485309386907965,83.09539400356087,0.9760000000000008
34,NSGA-II-3obj,459.33333333333337,2759.138991708251,1409.5000000000002,0.0,0.7722172574851657,0.7055931682584136,32,20000,4.561,0.13798043369372173,0.2727527887859479,0.29142320675329847,87.31406876217852,1.2579999999999916
34,NSGA-III,326.33333333333337,2449.335184765674,1464.5,0.0,0.5821593891389103,0.4984435861832637,18,20000,4.402,0.14513493061108013,0.24843729919519197,0.2903592014041694,82.10605489002256,0.9040000000000007
34,MOEA/D,306.33333333333337,2365.062511840878,1432.166666666667,0.0,0.7746991548112812,0.6999158266464022,98,20000,18.618,0.1484535801502232,0.24349447607555963,0.3088376858784454,84.17007620126657,0.8440000000000006
34,GA-SA,320.66666666666663,2449.808658257467,1416.6666666666665,0.0,0.6140595576710757,0.574721233506156,1,20000,28.403,0.14349275672058331,0.24886364870301114,0.26568380302068495,86.0828977042325,0.8720000000000007
34,A*-GA,317.0,2637.352038171866,1494.3333333333335,0.0,0.08270595217175591,1.0,2,20000,1.143,0.1494926600812878,0.24502065886221458,0.2914252758388496,86.29656992811495,0.8760000000000007
34,LWC,308.0,2470.6891054668044,1455.5000000000002,0.0,0.6143282785505779,0.6001630954096653,28,20000,0.82,0.14626996170267376,0.2408207610020593,0.30994529171587315,83.72618464044339,0.8480000000000006
35,AW-NSGA-II,348.0,2489.8731673344278,1323.6666666666665,0.0,0.47217123668662686,0.6285924476481619,31,20000,0.845,0.04523378001731988,0.22039068381922844,0.4735465545300812,86.67026365464915,0.9540000000000007
35,NSGA-II-2obj,350.33333333333337,2465.644549563191,1392.1666666666667,0.0,0.09218688891231688,0.560800958813453,17,20000,2.793,0.045360003095456035,0.2143202092839419,0.4116743266769818,83.19587922473374,0.9760000000000008
35,NSGA-II-3obj,310.6666666666667,2599.446787907809,1337.6666666666667,0.0,0.3715651218470511,0.4826775530392858,29,20000,4.603,0.04644375996925295,0.22907532178091183,0.4229433567313412,81.85837609911368,0.8420000000000006
35,NSGA-III,390.0,2819.0842824496763,1322.8333333333333,0.0,0.42305688915930123,0.5674233597254688,32,20000,4.675,0.04100112937456324,0.2623201716422292,0.5063498360584315,86.10173439856516,1.0799999999999979
35,MOEA/D,290.3333333333333,2442.6906956025655,1338.1666666666665,0.0,0.5439663655660902,0.7180700289695348,96,20000,3.507,0.04748301346225984,0.2611290056643223,0.42960058923699007,85.1311199382991,0.7960000000000006
35,GA-SA,288.0,2538.3814763465234,1316.3333333333335,0.0,0.47226624115818827,0.6542064923092427,1,20000,12.155,0.048028531831396236,0.23919698310503146,0.38791739232498124,85.89684601873674,0.7740000000000006
35,A*-GA,295.6666666666667,2329.5980865274532,1393.0,0.0,0.2921162350073341,1.0,8,20000,1.203,0.048446202131713335,0.19765699469459797,0.44377884818364444,86.60361919893552,0.8120000000000006
35,LWC,324.99999999999994,2460.888491940052,1358.1666666666665,0.0,0.5495214079636019,0.7538592439609741,24,20000,0.91,0.0456460728185766,0.23096188880598223,0.4015972080468886,87.12850316536826,0.9000000000000007
36,AW-NSGA-II,364.3333333333333,2608.0675804664374,1345.1666666666667,0.0,0.6128403444745736,0.39688726154880993,48,20000,0.895,0.07179818950949264,0.23750649125049483,0.5305014586529504,83.63369974091722,0.9880000000000008
36,NSGA-II-2obj,327.0,2404.1508571920076,1413.0,0.0,0.42263432698499,0.5275834085519758,4,20000,0.919,0.07484810655576887,0.22683853544182375,0.5178217897970943,81.61393571387833,0.9060000000000007
36,NSGA-II-3obj,361.3333333333333,2510.0486152103153,1389.5,0.0,0.39766258436926255,0.5326906599270731,50,20000,0.821,0.07266405158586017,0.18247089001015449,0.43163253604853313,85.1607357750108,0.9940000000000008
36,NSGA-III,330.66666666666663,2337.0218976772944,1389.166666666667,0.0,0.7827256931122324,0.6801187881771558,43,20000,0.864,0.07343285765581,0.22211964486766034,0.4617295916328974,80.37514405183998,0.9020000000000007
36,MOEA/D,306.3333333333333,2356.0469979042755,1373.0000000000002,0.0,0.6699235005976398,0.43604597412387747,77,20000,3.159,0.07568287732758512,0.228359649926555,0.46366005650865616,83.20986844805515,0.8440000000000006
36,GA-SA,341.3333333333333,2495.895045033411,1344.1666666666667,0.0,0.21354542686315642,0.14171073207207946,1,20000,7.423,0.06956431241318795,0.1808624074628431,0.3677767857588028,84.67581715022908,0.9340000000000007
36,A*-GA,309.99999999999994,2537.7430458047593,1435.5000000000002,0.0,0.19120717406438767,1.0,3,20000,1.182,0.07905772191997033,0.20198859411886894,0.451874987751125,82.30899513238373,0.8520000000000006
36,LWC,355.0,2495.8347150333934,1358.0000000000002,0.0,0.7159966891680143,0.4863207116472521,38,20000,0.881,0.07427417206342746,0.2169925192267308,0.5344994586438989,84.90146479961712,0.9600000000000007
37,AW-NSGA-II,336.3333333333333,2435.987191212267,1249.6666666666665,0.0,0.640088490645757,0.526687245883291,15,20000,0.91,0.05157989511682589,0.21280575123587175,0.4900659821542048,85.34389679699188,0.9040000000000007
37,NSGA-II-2obj,298.3333333333333,2246.039697145746,1303.6666666666667,0.0,0.2480965907127039,0.43143825506608247,15,20000,0.918,0.05506209266037872,0.15065546540531094,0.4350484158908756,80.83393471498167,0.8200000000000006
37,NSGA-II-3obj,306.0,2219.659040339428,1290.3333333333333,0.0,0.6951302160741364,0.796395255306963,32,20000,0.804,0.05414427804221156,0.1754190845713287,0.533867181730862,82.14558204062548,0.8280000000000006
37,NSGA-III,294.99999999999994,2327.6272056015096,1257.1666666666665,0.0,0.5225996906775757,0.4139168272613202,47,20000,0.885,0.05430689256251745,0.21286430864922,0.48298452980302486,83.83898689342884,0.7800000000000006
37,MOEA/D,286.3333333333333,2175.206200090502,1274.0000000000002,0.0,0.6320664916305021,0.46885846567279954,98,20000,3.223,0.05535437814756648,0.16785706513189225,0.5153266396702259,83.79482399561093,0.7840000000000006
37,GA-SA,274.6666666666667,2325.2303416304144,1237.5,0.0,0.5957338034023224,0.5957338034023224,1,20000,6.74,0.055041912608837576,0.20459048902551324,0.43413920686435525,82.93933309928764,0.7340000000000005
37,A*-GA,287.0,2228.5325148915235,1325.3333333333333,0.0,0.16536334638166908,1.0,2,20000,1.161,0.058655635294056284,0.2070146253533367,0.480305882507587,82.27106051193604,0.7900000000000006
37,LWC,342.0,2418.4136458985545,1248.3333333333333,0.0,0.6408688773298713,0.5614150279338079,14,20000,1.025,0.05262588857696965,0.17333949551909822,0.4991602785925402,84.14849869946826,0.9360000000000007
38,AW-NSGA-II,317.3333333333333,2613.2363919724744,1509.666666666667,0.0,0.5562981448600967,0.33332362010388406,90,20000,1.028,0.08325743909416322,0.20662125319226665,0.38217627005211785,85.86705465444014,0.8620000000000007
38,NSGA-II-2obj,376.33333333333337,2447.333306980438,1544.4999999999998,0.0,0.3300624728490949,0.7004652155814778,7,20000,1.083,0.08043783959820464,0.20063664714467433,0.3390146952153892,85.25782642680682,1.0539999999999987
38,NSGA-II-3obj,333.00000000000006,2565.5268322401334,1521.0,0.0,0.31244621309141485,0.6118423154390512,55,20000,0.851,0.08247014507120812,0.19282508349569893,0.4020904396109988,83.93290666106364,0.9240000000000007
38,NSGA-III,402.33333333333337,2638.580031723265,1478.1666666666665,0.0,0.620820906267928,0.45325680149740305,32,20000,0.882,0.07835130491249155,0.24743183464521268,0.3916153676335872,89.09040160667065,1.1019999999999972
38,MOEA/D,320.66666666666663,2379.262154217428,1490.666666666667,0.0,0.8310367998501036,0.7121049503316177,72,20000,3.416,0.08078626777585243,0.22762326952852696,0.47120960185002225,88.33516852498263,0.9020000000000007
38,GA-SA,318.33333333333337,2625.01653872897,1473.1666666666665,0.0,0.3523047526062693,0.055585069942341914,1,20000,6.798,0.07751885255089007,0.17276837543789325,0.32703737530352783,91.15999279749845,0.8800000000000007
38,A*-GA,329.3333333333333,2567.3797383145757,1569.0,0.0,0.1533631196401392,1.0,3,20000,1.205,0.08304874688149712,0.18278822636842806,0.38473591437292654,86.2472186077357,0.9080000000000007
38,LWC,404.0,2644.3262474019925,1470.6666666666667,0.0,0.6229281290326696,0.4137035310793284,36,20000,1.159,0.0823970296874047,0.21226066655346698,0.381768500730181,87.1177146138141,1.0919999999999976
39,AW-NSGA-II,310.0,2577.257221625064,1418.0,0.0,0.37575319057366285,0.15295726726815126,36,20000,0.973,0.0953203303156168,0.24047616526102222,0.4289879802312313,81.85926335337646,0.8520000000000006
39,NSGA-II-2obj,348.0,2606.3400036729895,1490.5,0.0,0.18664585039579132,0.49330706910507377,12,20000,1.006,0.09373251340786484,0.23484599465426648,0.44943994275056287,81.24914088614145,0.9560000000000007
39,NSGA-II-3obj,317.66666666666663,2639.6101231657467,1396.3333333333335,0.0,0.3855169952438166,0.5403953042944,41,20000,0.988,0.09451957801954049,0.2246203731170725,0.408058104808916,85.63471223166937,0.8480000000000006
39,NSGA-III,365.33333333333337,2474.6888087907932,1398.1666666666667,0.0,0.6980869680148447,0.5541068361603068,13,20000,0.893,0.08963503842303103,0.22470386532611397,0.4307321582196526,84.99120299234542,1.0060000000000007
39,MOEA/D,302.0,2406.50683559227,1393.333333333333,0.0,0.8113441842010662,0.6847148231329306,55,20000,3.273,0.09433285878469236,0.2358774679765696,0.4775424869907867,84.54363772046855,0.8460000000000006
39,GA-SA,313.66666666666663,2572.2902913010525,1370.0,0.0,0.4273733360009336,0.2856033246546674,1,20000,6.83,0.09391104906942777,0.24230170719951416,0.4037524995817461,86.12835462712945,0.8660000000000007
39,A*-GA,311.3333333333333,2620.30255244881,1473.9999999999998,0.0,0.2518739058890437,1.0,10,20000,1.178,0.09627931375784071,0.2328371286365215,0.4389303739782715,82.8762401327618,0.8500000000000006
39,LWC,301.0,2644.639764689144,1416.6666666666665,0.0,0.6384029753094886,0.502282480784276,31,20000,0.848,0.09535387633479897,0.2436745065003293,0.4167302397351649,85.15977841719348,0.8280000000000006
40,AW-NSGA-II,267.6666666666667,2372.9738674931555,1242.6666666666665,0.0,0.3609582565444518,0.36687156620960093,42,20000,0.883,0.02767487283126583,0.1855484533747015,0.38423881218604783,84.1853542038655,0.7280000000000005
40,NSGA-II-2obj,292.3333333333333,2495.4809860239347,1317.0000000000002,0.0,0.10932188942577906,0.9440864518434062,6,20000,0.948,0.029285055267308336,0.17032973913927518,0.4715146711793763,83.49343926399507,0.7960000000000006
40,NSGA-II-3obj,278.0,2357.1534597021637,1278.5,0.0,0.46373753788989924,0.614380572183095,33,20000,0.864,0.02927846059161343,0.17005559715096763,0.3971567606436357,81.97031079786825,0.7440000000000005
40,NSGA-III,335.33333333333337,2393.5562414025253,1240.0,0.0,0.5320614904889325,0.6108411356696724,37,20000,0.866,0.023894806448822036,0.15002158530887633,0.449041982683964,85.84118610953422,0.9160000000000007
40,MOEA/D,280.0,2210.0094157834637,1269.6666666666665,0.0,0.5194795939956942,0.48037582964031833,92,20000,3.243,0.02727617045416735,0.18908995611400514,0.42244888294839655,81.02858888835482,0.7640000000000006
40,GA-SA,288.6666666666667,2404.444460169196,1244.1666666666665,0.0,0.1375120064539581,0.11746063222675322,1,20000,6.786,0.026080950959853254,0.20404781634896596,0.40649777164896905,82.83365850056512,0.7760000000000006
40,A*-GA,299.3333333333333,2190.4957227943937,1335.3333333333333,0.0,0.09528249735829764,1.0,2,20000,1.207,0.03166818643699513,0.17432048232423625,0.4365870043134239,81.17665904825935,0.8080000000000006
40,LWC,339.99999999999994,2447.1271343621643,1234.3333333333335,0.0,0.46916997561277896,0.5566672529123292,59,20000,0.838,0.022626727309154604,0.21480281454121597,0.4113925653890591,84.45322258064718,0.9000000000000007
41,AW-NSGA-II,392.0,2554.1821712428714,1193.5,0.0,0.5211847198108746,0.41410921520418936,33,20000,0.869,0.0887265060060521,0.21541747519539234,0.3722280169864074,84.44993065091226,1.0559999999999987
41,NSGA-II-2obj,281.0,2239.9590013213965,1247.6666666666667,0.0,0.13031532634282494,0.6536693821187618,8,20000,0.954,0.0992648302122363,0.22330890432397343,0.3422819049277843,79.29930988040655,0.7800000000000006
41,NSGA-II-3obj,378.3333333333333,2472.3365412305025,1192.1666666666667,0.0,0.43808742694201214,0.6596752875102126,51,20000,0.861,0.09357435305653485,0.25832706321929855,0.3579275737864134,87.83244304680653,1.0299999999999996
41,NSGA-III,326.66666666666663,2473.2199780629,1208.1666666666667,0.0,0.3113567506479439,0.19398822691180143,61,20000,0.93,0.09921231186048049,0.23575082541081516,0.3278225434517592,84.27453404797589,0.8900000000000007
41,MOEA/D,272.33333333333337,2121.6905486690225,1193.4999999999998,0.0,0.7453354224549363,0.6855469328179024,71,20000,3.188,0.09899095121118859,0.20767123965180634,0.3547434937525167,80.91208309560031,0.7460000000000006
41,GA-SA,280.6666666666667,2255.1338291809166,1171.1666666666665,0.0,0.5571916376424716,0.5034324140800743,1,20000,6.759,0.0963548746188321,0.22313014389395824,0.290274927187965,83.93468850514628,0.7520000000000006
41,A*-GA,286.3333333333333,2269.2416662652886,1269.6666666666667,0.0,0.018665357695336907,1.0,2,20000,1.169,0.10208556120238162,0.23753941611519303,0.29109929282943603,81.10770489404669,0.7840000000000006
41,LWC,323.66666666666663,2194.8077529411935,1195.3333333333335,0.0,0.7451131320635218,0.6578055045964113,45,20000,0.829,0.09521821055343392,0.20560540431851682,0.28183251512360297,85.50182538038878,0.8960000000000007
42,AW-NSGA-II,366.3333333333333,2355.4368759662657,1288.3333333333335,0.0,0.4530070109915757,0.42803272498108313,25,20000,0.868,0.09344847686847468,0.23986452126856495,0.28830155103644284,81.57919778017435,0.9940000000000008
42,NSGA-II-2obj,320.0,2135.962546574805,1335.1666666666665,0.0,0.28069411686048973,0.631751975927944,7,20000,0.917,0.0972272925264208,0.2044889566172149,0.3268350534148594,80.83444383327478,0.8700000000000007
42,NSGA-II-3obj,286.3333333333333,2377.991440966204,1270.8333333333333,0.0,0.5172061661070335,0.5457652280369951,55,20000,0.827,0.09520344916952103,0.21239344031628238,0.3104112489351898,81.22833094076259,0.7840000000000006
42,NSGA-III,362.66666666666663,2247.3970364269044,1272.3333333333335,0.0,0.6462069981730874,0.6799190283989917,18,20000,0.878,0.09420442711217537,0.20033032331453182,0.3338201330367656,86.28776095520354,0.9980000000000008
42,MOEA/D,280.0,2057.346128489899,1288.8333333333335,0.0,0.807316382709921,0.8512289007029699,98,20000,3.249,0.09674337655510934,0.19798499021433835,0.35148016353367906,81.30246527122442,0.7760000000000006
42,GA-SA,296.3333333333333,2249.8241053753295,1285.0,0.0,0.2846887486713314,0.2898798955317159,1,20000,6.766,0.09744183939462912,0.20040205262579758,0.3061302653043749,82.14217407860485,0.8140000000000006
42,A*-GA,299.0,2358.7261201188317,1377.8333333333335,0.0,0.02655754251081965,1.0,4,20000,1.204,0.1019216199585802,0.1978636146904188,0.3470857892458845,81.65660277675127,0.8220000000000006
42,LWC,304.33333333333337,2333.6812873404897,1308.5,0.0,0.22488640072032606,0.1626116169854952,45,20000,0.854,0.09573659110792128,0.23386652539862207,0.3675153149054349,82.12274938535,0.8300000000000006
43,AW-NSGA-II,288.0,2285.1043729494413,1185.3333333333333,0.0,0.6466520357079519,0.5175374062473515,24,20000,0.861,0.08641029685020143,0.22531281236060763,0.40379962935128844,84.12466549117116,0.7740000000000006
43,NSGA-II-2obj,278.33333333333337,2138.702992285669,1245.8333333333333,0.0,0.26047460879586243,0.6220145038015218,4,20000,0.896,0.08986817816407175,0.21506467861674705,0.4607771627547521,80.92628464103555,0.7600000000000006
43,NSGA-II-3obj,273.0,2274.3899542886693,1247.8333333333335,0.0,0.39943342956136074,0.7574419797000933,44,20000,0.885,0.09093880706043092,0.22332609906470924,0.4097459257078766,83.2161877598675,0.7440000000000005
43,NSGA-III,277.6666666666667,2314.7083731651674,1191.8333333333337,0.0,0.5724691443048471,0.41314114361778864,10,20000,0.902,0.08795878370161447,0.2282190973975331,0.43627612317255426,83.56163609893322,0.7580000000000006
43,MOEA/D,251.66666666666669,2146.041520082282,1204.333333333333,0.0,0.848126587219446,0.766147381748924,99,20000,3.286,0.09012727588523055,0.2264155328201528,0.408833778345854,81.75218208660976,0.6840000000000005
43,GA-SA,277.33333333333337,2233.1495689371445,1198.1666666666667,0.0,0.32557890804144085,0.21329899038617123,1,20000,6.819,0.089092690323774,0.22174230308702503,0.4819340936332197,84.14797831620098,0.7440000000000005
43,A*-GA,276.33333333333337,2301.982920167115,1273.6666666666667,0.0,0.020116166284965556,1.0,1,20000,1.208,0.09431100098249409,0.2287467292338934,0.4410761716089284,81.80382905679555,0.7540000000000006
43,LWC,275.0,2233.3134903439977,1216.5,0.0,0.44923009421607696,0.287672788611717,30,20000,0.869,0.09059141266641893,0.21456856662972235,0.3959388584876973,84.13955316030001,0.7500000000000006
44,AW-NSGA-II,303.0,2290.0592723806,1366.8333333333333,0.0,0.5284810356504215,0.4866135548991474,40,20000,0.878,0.12685526527900454,0.22976206498330332,0.302607186000704,80.87885399209006,0.8340000000000006
44,NSGA-II-2obj,302.3333333333333,2409.2787410778988,1370.5,0.0,0.27219980129298205,0.28619728309675607,6,20000,0.98,0.12748440633461372,0.22880627918371543,0.2916425478848659,81.29818953969935,0.8320000000000006
44,NSGA-II-3obj,289.0,2538.410716746624,1366.6666666666667,0.0,0.4536516571534407,0.5780827294321406,30,20000,0.866,0.128381496003725,0.2317369967502979,0.3329599583501759,81.25592040997597,0.7960000000000006
44,NSGA-III,376.6666666666667,2694.262434652415,1326.3333333333333,0.0,0.2990906707496787,0.2306745186883539,44,20000,0.916,0.1203833368980746,0.2503470897425635,0.32513812836325195,82.96855691665796,1.0100000000000005
44,MOEA/D,277.6666666666667,2143.4402679445475,1311.8333333333335,0.0,0.92137477820209,0.8963695502085928,75,20000,3.269,0.12715199162448867,0.2210915846940873,0.26715741926600733,85.05332970101787,0.7580000000000006
44,GA-SA,288.0,2339.435882966668,1295.8333333333333,0.0,0.5517723370646187,0.5517723370646187,1,20000,6.811,0.12612787544974802,0.22213799635013698,0.32881889614971804,83.19894425003127,0.7740000000000006
44,A*-GA,303.6666666666667,2394.7356060686498,1403.8333333333333,0.0,0.08334691417384604,1.0,10,20000,1.264,0.12821175107878155,0.23539898757603273,0.3066794339253447,84.35923486372656,0.8420000000000006
44,LWC,364.33333333333337,2586.901494380897,1304.6666666666667,0.0,0.5320982603975934,0.4876655539632801,43,20000,0.828,0.1252711498546784,0.23791837054083664,0.2631894457773054,87.91736618516762,0.9880000000000008
45,AW-NSGA-II,338.0,2443.7941635958127,1294.5000000000002,0.0,0.8337835280891658,0.724944587267626,13,20000,0.855,0.12699068012302744,0.24459252740605553,0.29737558816724197,86.3734570866857,0.9240000000000007
45,NSGA-II-2obj,330.6666666666667,2278.5679382580533,1388.8333333333333,0.0,0.15769790508108583,0.6681953157850605,11,20000,0.928,0.13107217062279297,0.23794467856142054,0.21179234648824052,80.0931861983448,0.9020000000000007
45,NSGA-II-3obj,311.0,2238.3563126104254,1308.0000000000002,0.0,0.7870775405863174,0.3853863597904339,41,20000,0.911,0.12961257291929157,0.21817919148816434,0.2164403909167687,82.5414702327384,0.8580000000000007
45,NSGA-III,311.33333333333337,2357.475567412323,1353.0,0.0,0.3816737949834725,0.2569551268230383,54,20000,0.888,0.13069229302496138,0.2172665504632192,0.22829437200067693,83.31152869226361,0.8740000000000007
45,MOEA/D,296.33333333333337,2213.570590627728,1308.5,0.0,0.737185674799977,0.6527103882730394,90,20000,3.274,0.12872949260662803,0.23812814715326736,0.2337274990604885,81.76164127559841,0.8140000000000006
45,GA-SA,334.6666666666667,2474.7226598323887,1280.1666666666665,0.0,0.17645854632983227,0.15894055881219596,1,20000,6.922,0.125031214085855,0.21401682522663834,0.2380355066493829,84.90456489045502,0.9140000000000007
45,A*-GA,300.3333333333333,2321.228034363278,1371.8333333333335,0.0,0.13966197210655354,1.0,3,20000,1.144,0.13236803505896044,0.2127496571142723,0.24596903515653512,83.80159485935171,0.8260000000000006
45,LWC,326.33333333333326,2280.3997242917894,1289.0000000000002,0.0,0.7141682550285778,0.6559401742642852,17,20000,0.862,0.12982802862408693,0.21176896997021,0.23146398260659695,82.75028740285106,0.8740000000000007
46,AW-NSGA-II,297.0,2369.502551208099,1293.8333333333335,0.0,0.352708905876683,0.2796611864255997,48,20000,0.874,0.06944730468757285,0.18576612306144358,0.3479175406636761,81.3942142576721,0.8160000000000006
46,NSGA-II-2obj,285.6666666666667,2348.2772618302547,1303.0,0.0,0.24953783463369908,0.5535001366583296,8,20000,0.945,0.07008662819510092,0.19351956459406483,0.3279064060506638,80.63566816474074,0.7820000000000006
46,NSGA-II-3obj,298.0,2401.0370507492603,1275.3333333333333,0.0,0.4066873571127432,0.7348923689013872,37,20000,0.822,0.07066676180466709,0.1854439703094698,0.31843686779761393,81.89074989081736,0.8320000000000006
46,NSGA-III,364.66666666666663,2422.702113055586,1273.1666666666667,0.0,0.40171200166709575,0.3782689734623583,20,20000,0.869,0.06754832487725511,0.22175870412126208,0.36390764042222434,82.78129695061497,1.0040000000000007
46,MOEA/D,278.33333333333337,2207.0305712599593,1265.8333333333335,0.0,0.8184487832934778,0.9655645424964032,98,20000,3.237,0.07027240721049646,0.1811323976609336,0.3661791390855269,81.20109070738272,0.7600000000000006
46,GA-SA,278.6666666666667,2307.266306241412,1261.8333333333335,0.0,0.5446979143909441,0.5658093776194625,1,20000,7.169,0.0693519859174809,0.18757034718141108,0.3723202854784229,82.34057194586771,0.7500000000000006
46,A*-GA,293.0,2138.838372031511,1329.1666666666667,0.0,0.1499427107701831,1.0,1,20000,1.194,0.07257539116344133,0.19866095637867154,0.3714014697043513,82.8431674604401,0.8040000000000006
46,LWC,345.6666666666667,2453.5993724611308,1286.6666666666667,0.0,0.303105738044406,0.22119210330004418,32,20000,0.84,0.07003950829013453,0.23213308041066305,0.4139063888062766,83.75331746767905,0.9620000000000007
47,AW-NSGA-II,309.6666666666667,2278.9359560259186,1407.6666666666667,0.0,0.5377020838373127,0.5154433697158928,11,20000,0.891,0.1220437085176748,0.2057456198758889,0.31738417052295076,82.98071773264296,0.8540000000000006
47,NSGA-II-2obj,305.6666666666667,2277.0657218594397,1378.8333333333333,0.0,0.47184703357743135,0.4687459426947756,6,20000,0.934,0.12119824061515283,0.22456155634734243,0.2606284675132202,84.28704288528775,0.8420000000000006
47,NSGA-II-3obj,335.3333333333333,2348.221899292115,1361.0,0.0,0.553024072048125,0.2396861305476464,21,20000,0.818,0.12229295435242152,0.2236352761855317,0.3212942245662769,85.20289219537864,0.9160000000000007
47,NSGA-III,314.0,2356.396514163848,1378.1666666666667,0.0,0.43504041405512517,0.4100412737425916,17,20000,0.898,0.12282387483769401,0.20933484352135212,0.2937690839575655,82.9024007236292,0.8520000000000006
47,MOEA/D,297.0,2137.11319500779,1364.8333333333335,0.0,0.8413728101373431,0.8205743331886188,98,20000,3.314,0.12108829094816342,0.22113739363928853,0.27200155016802907,84.96645550091492,0.8160000000000006
47,GA-SA,316.6666666666667,2333.590313101214,1347.8333333333335,0.0,0.46757260059284333,0.46757260059284333,1,20000,6.868,0.12227071468824557,0.20319715479905986,0.296282819659192,83.73116512175505,0.8600000000000007
47,A*-GA,310.33333333333337,2317.5559669457552,1444.1666666666667,0.0,0.15066059154445433,1.0,3,20000,1.194,0.12504698627289657,0.23174612726699073,0.3071156161888766,82.29495958131317,0.8560000000000006
47,LWC,396.6666666666667,2657.262210119333,1368.6666666666667,0.0,0.417220157231847,0.3868317620677121,20,20000,0.959,0.11341281469506645,0.2269904947076009,0.3736751571967476,85.5224808350591,1.0699999999999983
48,AW-NSGA-II,311.6666666666667,2493.1993079607605,1355.0,0.0,0.5454175831375988,0.4963369142111044,47,20000,0.871,0.05815417832328666,0.17513401092045644,0.4353541165249817,82.86794379461546,0.8600000000000007
48,NSGA-II-2obj,322.99999999999994,2413.6173594774937,1401.8333333333335,0.0,0.3220594910616545,0.49942957151312045,6,20000,0.946,0.05843850612361305,0.17114467773004116,0.3723127274661717,82.1062034439772,0.8940000000000007
48,NSGA-II-3obj,356.66666666666663,2490.038897035746,1374.0,0.0,0.5019477422470963,0.6564914875280768,36,20000,0.835,0.05627972398317288,0.17560855639863082,0.4330541747815959,84.82586419430262,0.9800000000000008
48,NSGA-III,332.3333333333333,2555.085051917752,1400.5,0.0,0.31347315054845515,0.2625974385220181,38,20000,0.93,0.05912831504894989,0.16510169966073662,0.35794859471271123,85.07875120405281,0.9220000000000007
48,MOEA/D,295.3333333333333,2344.5904617613855,1369.5,0.0,0.6736906317218488,0.5561353327098556,88,20000,3.214,0.05926510691525394,0.16050642518935,0.36957691244659685,82.87286239955282,0.8260000000000006
48,GA-SA,294.6666666666667,2568.667365124305,1329.3333333333333,0.0,0.43756059214645393,0.43756059214645393,1,20000,6.833,0.05825099067785675,0.16741839354880161,0.43697640000006466,84.82795448580748,0.7940000000000006
48,A*-GA,304.3333333333333,2500.254351649021,1420.3333333333335,0.0,0.11787610963412583,1.0,3,20000,1.492,0.06001764329040219,0.16166479914533594,0.39039371092227126,83.56530377483581,0.8380000000000006
48,LWC,318.66666666666663,2766.84272892151,1359.6666666666665,0.0,0.42237327956534393,0.3356172095254451,53,20000,0.871,0.05942119802754094,0.1645300101473397,0.40722286097358906,85.8655128849158,0.8660000000000007
49,AW-NSGA-II,306.66666666666663,2315.4895158250083,1354.1666666666667,0.0,0.606195041902349,0.5318006497378074,64,20000,0.913,0.0929363711635432,0.22612999179965743,0.3381124168498493,81.1158013793788,0.8300000000000006
49,NSGA-II-2obj,329.0,2268.3758821671886,1401.1666666666667,0.0,0.3063041538114096,0.5868501673647939,11,20000,1.058,0.09181380141580728,0.20833158877755853,0.3200580366086847,82.67738967672724,0.9120000000000007
49,NSGA-II-3obj,381.0,2590.427683693856,1352.8333333333335,0.0,0.24907572859915875,0.6247089907137926,26,20000,0.881,0.09028814074567373,0.2476358318247036,0.2934043888948217,86.16534510153987,1.0379999999999994
49,NSGA-III,338.6666666666667,2518.217534054681,1337.5,0.0,0.5221289393847574,0.4100952731155918,47,20000,0.926,0.09105281337171268,0.25359711850519806,0.34364804244027236,84.24686601955895,0.9260000000000007
49,MOEA/D,297.3333333333333,2311.4752314723155,1357.1666666666665,0.0,0.5600459087507793,0.47816468131836753,46,20000,3.368,0.09377631817745022,0.22783501304391773,0.33894129898894154,82.60317957268168,0.8020000000000006
49,GA-SA,283.3333333333333,2428.3595559682963,1327.0,0.0,0.5983169878534614,0.5144826470327073,1,20000,6.868,0.09125604118422387,0.2367761041437153,0.3417304221991122,84.46928021373358,0.7660000000000006
49,A*-GA,298.0,2427.1717454361533,1413.1666666666667,0.0,0.09769716011077802,1.0,1,20000,1.227,0.09603388656599407,0.2273994400685303,0.3652282241937008,86.12944955682693,0.8180000000000006
49,LWC,400.66666666666674,2549.8190828660013,1347.0,0.0,0.5129493014530601,0.4308435371317184,12,20000,0.845,0.08795644074533428,0.19906331919037723,0.31878094096444576,85.00429693110354,1.0819999999999979
50,AW-NSGA-II,344.33333333333337,2455.778832758252,1299.5,0.0,0.520837333698481,0.47359985112499925,23,20000,0.844,0.08603699733966005,0.25564088224580495,0.3432901997106168,85.35830061510968,0.9280000000000007
50,NSGA-II-2obj,302.3333333333333,2230.901167536428,1378.3333333333333,0.0,0.1596473689975821,0.2579083220409528,12,20000,0.915,0.08719065553588803,0.24863469659707405,0.4051172446014353,85.90195577659293,0.8320000000000006
50,NSGA-II-3obj,305.0,2229.495618724853,1359.5,0.0,0.42705701043505656,0.7037655507605348,51,20000,0.906,0.08846310429832513,0.2498645386460292,0.3532723667517683,84.38599871367211,0.8400000000000006
50,NSGA-III,329.66666666666663,2189.5038278498846,1342.5,0.0,0.5301845991160707,0.44504113387911676,45,20000,0.895,0.08711149673628843,0.2435254019317431,0.4202139599457675,84.67583497419682,0.9140000000000007
50,MOEA/D,282.6666666666667,2124.8585803842275,1307.0,0.0,0.7221346106363031,0.682790178827466,87,20000,3.307,0.08652436898564311,0.23060213030310783,0.3733728081763774,84.1067209398083,0.7660000000000006
50,GA-SA,297.0,2199.034346040453,1265.666666666667,0.0,0.5940418225123281,0.5417876393351629,1,20000,6.84,0.08617778109781193,0.2601279505115539,0.3769400177651274,86.34154196803286,0.7860000000000006
50,A*-GA,296.99999999999994,2252.4413673477598,1359.3333333333335,0.0,0.12526189617846245,1.0,1,20000,1.174,0.09095489698264007,0.2500355031458288,0.4275054972239729,85.0149523775557,0.8160000000000006
50,LWC,350.33333333333337,2530.2440948972985,1297.0000000000002,0.0,0.4525451260250669,0.40703801658342115,28,20000,0.883,0.08298566990451092,0.24245534966937599,0.4271097775677577,85.86591472342343,0.9460000000000007
51,AW-NSGA-II,278.0,2207.4342391372907,1274.1666666666667,0.0,0.5465843664122938,0.5271856334228688,19,20000,0.85,0.11499744708500441,0.22048922021610806,0.3747163246920022,80.98382457894658,0.7540000000000006
51,NSGA-II-2obj,304.0,2198.482621161299,1312.1666666666665,0.0,0.3429083568667048,0.4186163517432996,9,20000,0.928,0.11434112930753446,0.24008667571240738,0.3472082880044387,82.412076081896,0.8220000000000006
51,NSGA-II-3obj,379.3333333333333,2540.4084382135275,1244.8333333333333,0.0,0.5334218570473928,0.6166762736306316,54,20000,0.811,0.11075340354423435,0.24714932190271122,0.4202320568226541,84.9508286345462,1.018
51,NSGA-III,294.3333333333333,2254.589787411894,1264.3333333333333,0.0,0.6331397653349322,0.6246863279090682,46,20000,0.906,0.11343552593048194,0.23344236730336188,0.3725299360905976,82.81087011164442,0.8080000000000006
51,MOEA/D,273.33333333333337,2169.720104374375,1272.6666666666665,0.0,0.6527481049692212,0.6316860994165879,98,20000,3.414,0.11576529568186386,0.24567278436788742,0.3971068107654354,83.27432220477394,0.7440000000000005
51,GA-SA,290.3333333333333,2320.211353560043,1237.8333333333335,0.0,0.5725088429755848,0.5725088429755848,1,20000,8.585,0.11223245885342333,0.22790714042546345,0.3296508921925547,82.14012155089898,0.7960000000000006
51,A*-GA,290.0,2296.3997689476555,1329.0,0.0,0.040767250371699815,1.0,2,20000,1.43,0.11875608168498153,0.23568821955201824,0.377971058156503,82.56766408630509,0.8100000000000006
51,LWC,296.33333333333337,2133.422744176611,1323.3333333333337,0.0,0.620112461540766,0.6011900218958324,38,20000,1.074,0.11396921542072636,0.238460553532028,0.3613588724208323,81.10214873101484,0.8140000000000006
52,AW-NSGA-II,321.33333333333337,2313.3411540395514,1302.3333333333333,0.0,0.5157076358762791,0.3885187460215437,35,20000,1.018,0.06491446088170977,0.2305791655940128,0.4377032221644823,82.11995487754184,0.8740000000000007
52,NSGA-II-2obj,320.33333333333337,2361.20906118367,1357.8333333333333,0.0,0.14242996642152783,0.698805481392259,8,20000,1.118,0.06411541706263016,0.22056401486916954,0.3686716348770258,82.4541413200051,0.8860000000000007
52,NSGA-II-3obj,358.33333333333337,2592.7931006048516,1295.3333333333335,0.0,0.2703241606431813,0.7284790199097516,68,20000,1.083,0.06067766758643615,0.2607176490447284,0.542352062817405,87.4157580302053,0.9700000000000008
52,NSGA-III,274.33333333333337,2321.916021209442,1285.8333333333333,0.0,0.5617328781843932,0.45520681688525066,8,20000,1.132,0.06348511228787089,0.24161008650700577,0.4178790807897197,87.45979261809813,0.7480000000000006
52,MOEA/D,280.6666666666667,2244.881198541035,1284.8333333333333,0.0,0.6987403305102052,0.6042938362866066,72,20000,4.177,0.06444859707244538,0.2362836493547189,0.4238744519863398,86.92586770557713,0.7600000000000006
52,GA-SA,266.0,2343.4041238737514,1257.3333333333333,0.0,0.7583235112873681,0.7173953767544321,1,20000,8.204,0.06594775987878397,0.24031756201913423,0.4292259732460513,84.88283868557104,0.7220000000000005
52,A*-GA,297.6666666666667,2315.8412823414074,1365.0,0.0,0.10739697981766234,1.0,11,20000,1.482,0.06876118391394564,0.249311613038962,0.41686244368903425,82.7653800751821,0.8180000000000006
52,LWC,342.66666666666663,2579.774420438909,1288.3333333333335,0.0,0.34640427547632846,0.21670298003500596,57,20000,0.889,0.06488324323519311,0.26145397213290567,0.4744361463980098,87.54199532099523,0.9380000000000007
53,AW-NSGA-II,391.6666666666667,2498.4543800126953,1275.3333333333333,0.0,0.5119088133384432,0.3713228349316892,55,20000,0.996,0.0829207114091676,0.21668481357744085,0.4146896135696796,86.95725183878008,1.0699999999999983
53,NSGA-II-2obj,292.0,2529.4505355506462,1337.5,0.0,0.27793038105239387,0.5581401989648845,14,20000,1.125,0.09121672254453703,0.20860628523659408,0.39036038723203736,81.03847214207048,0.7980000000000006
53,NSGA-II-3obj,304.6666666666667,2335.8061857994585,1279.0000000000002,0.0,0.5591718976639508,0.8338530646016074,47,20000,0.971,0.08942904962644883,0.20536590463993687,0.37867110645374624,81.9339398152958,0.8240000000000006
53,NSGA-III,320.66666666666663,2203.0540352204575,1336.3333333333333,0.0,0.6676353739750704,0.5212790638695535,30,20000,1.008,0.09011208427815835,0.2109405487121131,0.4023922381185856,80.0306026091938,0.8720000000000007
53,MOEA/D,285.6666666666667,2156.27805497271,1286.3333333333333,0.0,0.7063405531280808,0.640419960789761,95,20000,3.376,0.08817444861703712,0.20549879332446508,0.3317996538983239,85.65771334770595,0.7820000000000006
53,GA-SA,289.6666666666667,2206.2541778766804,1254.1666666666667,0.0,0.7923729644960806,0.7175379444623329,1,20000,7.309,0.0878324844273527,0.1732136284969048,0.3272732777904017,82.94031037104554,0.7940000000000006
53,A*-GA,287.0,2290.878566253858,1336.0000000000002,0.0,0.3556600233673284,1.0,2,20000,1.197,0.09086246168787963,0.19439554036042084,0.4004270196790809,84.03407421106732,0.7860000000000006
53,LWC,323.6666666666667,2460.692690666855,1274.3333333333333,0.0,0.479676555136445,0.30615965585794636,39,20000,0.884,0.08892063726438601,0.20539418231789253,0.36422192827308564,85.08861327831642,0.8660000000000007
54,AW-NSGA-II,348.66666666666663,2337.273633745277,1467.8333333333333,0.0,0.43526909002537045,0.31146940220473507,30,20000,0.837,0.10199924027821786,0.25795774735194776,0.4005063492365817,84.62558773459145,0.9560000000000007
54,NSGA-II-2obj,325.6666666666667,2498.1126761542605,1484.5000000000005,0.0,0.17427522512929502,0.6799796247117424,14,20000,0.918,0.10577491422723742,0.23972051844073428,0.4233126773079654,83.20553143702757,0.9020000000000007
54,NSGA-II-3obj,300.66666666666663,2355.3557508964295,1414.6666666666665,0.0,0.7062291197141488,0.8133055754422767,17,20000,0.862,0.10436671112755622,0.24234737753678703,0.4227298771816357,83.53452488964385,0.8420000000000006
54,NSGA-III,325.33333333333337,2313.6796256120647,1427.666666666667,0.0,0.6373406407113599,0.574720476307127,31,20000,0.907,0.10294683899344251,0.22026921126318244,0.4423796910896074,85.86715069477546,0.9160000000000007
54,MOEA/D,305.66666666666663,2300.732917107454,1414.3333333333333,0.0,0.8729800003737294,0.834860074734888,96,20000,3.249,0.10318509531797977,0.2335221303937104,0.4535361184292226,83.28204783108751,0.8420000000000006
54,GA-SA,301.33333333333337,2346.565606288423,1401.8333333333335,0.0,0.7429346546388137,0.7022702911517265,1,20000,6.951,0.10359959619219543,0.2502855255051033,0.37196945513748547,84.92301085240263,0.8260000000000006
54,A*-GA,319.0,2516.841292778668,1509.6666666666667,0.0,0.06329391810780301,1.0,2,20000,1.419,0.10901690298300885,0.22384512183616212,0.39264748498607815,83.57986081811228,0.8960000000000007
54,LWC,329.66666666666663,2516.099254407336,1411.0,0.0,0.7014877110673852,0.6191953251693596,23,20000,0.848,0.10302458874052686,0.23527513225816254,0.45057796148605855,84.89419018683449,0.9140000000000007
55,AW-NSGA-II,353.0,2787.3985792978087,1331.1666666666665,0.0,0.32132782684783623,0.30527657540545056,58,20000,0.77,0.07615092502278539,0.26530139709510814,0.42375986897160955,87.79157808629978,0.9540000000000007
55,NSGA-II-2obj,299.6666666666667,2535.255435627818,1386.3333333333333,0.0,0.22390968386074128,0.6934831952599877,9,20000,0.834,0.08276572223082855,0.2421004459970152,0.356661522269653,82.03798821660972,0.8240000000000006
55,NSGA-II-3obj,296.0,2463.255662724262,1350.8333333333333,0.0,0.4090939108291474,0.6077163965940934,65,20000,0.79,0.08238895574973937,0.2211244345717398,0.4055279699097063,84.06727845197202,0.8040000000000006
55,NSGA-III,372.0,2550.865240672499,1346.666666666667,0.0,0.3227048631745113,0.3014139847311409,49,20000,0.804,0.08059029096664418,0.2375185877828725,0.36526913616869927,83.7909068157227,1.026
55,MOEA/D,281.6666666666667,2323.2579491402607,1336.8333333333333,0.0,0.7080895745106601,0.6938247883585524,98,20000,3.043,0.0819793733351237,0.2411503015812405,0.4095014080421344,82.61346897824967,0.7780000000000006
55,GA-SA,273.6666666666667,2387.339456675242,1315.0,0.0,0.7907214122865864,0.8072319556758257,1,20000,6.219,0.08188251126508547,0.23775443364047033,0.36741316300406957,83.56334670726778,0.7580000000000006
55,A*-GA,288.33333333333337,2433.206457538924,1377.166666666667,0.0,0.3407357821105084,1.0,5,20000,1.105,0.08730735168571142,0.23872652854000398,0.36037267763529446,82.95258369398317,0.7900000000000006
55,LWC,302.33333333333337,2570.0037650057056,1347.6666666666667,0.0,0.37907730615297575,0.3526510376994493,14,20000,0.77,0.08383564258865768,0.23175854920609762,0.372096050742839,85.30804873005964,0.8300000000000006
56,AW-NSGA-II,338.3333333333333,2251.7351151679068,1292.0000000000002,0.0,0.6774273822848477,0.5709490890605998,44,20000,0.741,0.07640623472149718,0.22953072261800656,0.4198563013598411,79.93607229069414,0.9400000000000007
56,NSGA-II-2obj,300.6666666666667,2443.5853657095363,1312.6666666666667,0.0,0.19742789378220854,0.8124852937671772,16,20000,0.917,0.07908266531173555,0.20876586236913663,0.36529784083805317,80.91975334131351,0.8280000000000006
56,NSGA-II-3obj,333.0,2188.1888151861476,1296.3333333333335,0.0,0.7291785363710057,0.6629398690793075,48,20000,0.756,0.07600588863136296,0.2244626890004836,0.40051851954139095,79.0514370419393,0.9240000000000007
56,NSGA-III,293.66666666666663,2396.6529479513006,1294.9999999999998,0.0,0.5434807229902845,0.4333144697939215,56,20000,0.822,0.07911666744921218,0.22758773726075143,0.36492074280008935,80.97015221743135,0.8060000000000006
56,MOEA/D,282.3333333333333,2238.873212805049,1268.3333333333333,0.0,0.7701398162228185,0.700934481753137,97,20000,3.167,0.07860360488423812,0.2416317915842402,0.398341808287042,80.66707075175862,0.7720000000000006
56,GA-SA,330.33333333333337,2431.3648945881987,1248.8333333333333,0.0,0.3462331280861613,0.23168717234162786,1,20000,6.264,0.07280124086790382,0.2213430821671155,0.3503942747156328,83.0411274988315,0.8980000000000007
56,A*-GA,293.0,2324.9614456712043,1331.5000000000002,0.0,0.1472143118328153,1.0,12,20000,1.054,0.08114093880429123,0.2330744386883834,0.43933357289281183,80.19985394284164,0.8120000000000006
56,LWC,400.6666666666667,2587.135210941476,1275.9999999999998,0.0,0.34143447883941447,0.20413659704049628,45,20000,0.781,0.07596620557990921,0.2293922896689785,0.44839410138005475,84.36585622586895,1.0819999999999979
57,AW-NSGA-II,273.0,2174.478489699015,1230.1666666666667,0.0,0.6310570373530843,0.575552724448547,48,20000,0.789,0.08195602650727066,0.23360301355935809,0.4017497895429589,81.18458953914762,0.7440000000000005
57,NSGA-II-2obj,283.0,2286.9209343127677,1285.6666666666665,0.0,0.12755551210905366,0.46695517137675546,9,20000,0.893,0.08146505665334874,0.224715457877665,0.3899830644434543,79.29267292276464,0.7740000000000006
57,NSGA-II-3obj,341.3333333333333,2219.1413655829006,1234.3333333333333,0.0,0.5314854273455011,0.5467769197443946,45,20000,0.747,0.08067332372395448,0.20987804783398423,0.42839307818933325,83.23363616729131,0.9340000000000007
57,NSGA-III,316.66666666666663,2413.5784654446547,1208.4999999999998,0.0,0.5431569065492956,0.47808623127654387,41,20000,0.814,0.0753618940025394,0.22339996308836163,0.521585557289745,83.76304909857242,0.8600000000000007
57,MOEA/D,261.6666666666667,2091.6913020228285,1221.9999999999998,0.0,0.8137611718751459,0.7682894885038981,88,20000,3.033,0.08100173676769369,0.23369545188007035,0.43799907809285954,80.57567458360555,0.7100000000000005
57,GA-SA,267.0,2131.9747671586574,1207.0,0.0,0.7667350877240265,0.7667350877240265,1,20000,6.215,0.08056544145760207,0.21335643089871625,0.4422108340909492,80.47778545173243,0.7260000000000005
57,A*-GA,282.0,2274.446990517649,1302.5,0.0,0.07205083907460856,1.0,8,20000,1.097,0.0839602726933106,0.2199449217654047,0.3978493887474577,82.85878571114708,0.7720000000000006
57,LWC,283.0,2238.498511607,1218.8333333333333,0.0,0.5861616285706804,0.5508406440136376,40,20000,0.736,0.08006150297944778,0.2343699290164668,0.409229153018666,81.08498235342734,0.7740000000000006
58,AW-NSGA-II,303.3333333333333,2671.5598900745736,1437.1666666666665,0.0,0.3394051927464302,0.3394051927464302,34,20000,0.81,0.10862729978005203,0.23451958242320448,0.4099272434642929,83.03823580339255,0.8500000000000006
58,NSGA-II-2obj,316.33333333333337,2501.8630176416036,1459.833333333333,0.0,0.13565653652041396,0.2550909941373442,6,20000,0.818,0.10808073091090328,0.24326809620273981,0.39363205174967075,84.61863340015253,0.8740000000000007
58,NSGA-II-3obj,297.3333333333333,2607.3523748099296,1427.8333333333335,0.0,0.4488072952140047,0.6851418343359899,24,20000,0.763,0.11057709670003608,0.23280689126201237,0.4021642066794928,83.77766152548776,0.8080000000000006
58,NSGA-III,333.3333333333333,2424.3544880297536,1414.3333333333335,0.0,0.3604806281129316,0.3604806281129316,38,20000,0.764,0.10577494083819575,0.22575661123631952,0.39940039932450255,83.89078065829081,0.9100000000000007
58,MOEA/D,286.00000000000006,2306.950443143396,1393.1666666666667,0.0,0.7884259434613856,0.7884259434613856,90,20000,3.006,0.107824712901006,0.2269962067478427,0.4046390975831595,82.53713538309228,0.7760000000000006
58,GA-SA,295.3333333333333,2483.244360627938,1364.6666666666665,0.0,0.533584484148459,0.533584484148459,1,20000,6.261,0.10537574741131364,0.24719221490950327,0.4242183560793853,85.00662055920716,0.7960000000000006
58,A*-GA,315.0,2505.9720656971313,1463.0000000000002,0.0,0.056452019835765754,1.0,9,20000,1.095,0.11029358612786666,0.2393362708012856,0.40393507780681515,83.04798618387531,0.8700000000000007
58,LWC,420.99999999999994,2699.6875782142697,1399.1666666666667,0.0,0.35042339710413395,0.35042339710413395,29,20000,0.738,0.09932521052522701,0.22737224911837273,0.3323876803252359,84.97000735956871,1.157999999999995
59,AW-NSGA-II,291.00000000000006,2341.896271557917,1311.8333333333335,0.0,0.5307236157493338,0.5642014006807119,33,20000,0.768,0.048175395192178914,0.17641007815971232,0.44926039956656494,84.84375238685833,0.7980000000000006
59,NSGA-II-2obj,333.0,2321.108944085332,1367.3333333333335,0.0,0.09548233316360329,0.7986714838148553,12,20000,0.845,0.046982967371803463,0.17560436755496645,0.44539808653353674,83.82916385342898,0.9240000000000007
59,NSGA-II-3obj,319.6666666666667,2404.803483341629,1279.1666666666665,0.0,0.7671292719297789,0.5924893824086214,25,20000,0.754,0.042336610866542466,0.14903798900993181,0.3527763899354428,85.3487011564124,0.8540000000000006
59,NSGA-III,399.33333333333337,2661.8180398201944,1297.3333333333333,0.0,0.5220890061699414,0.554639020736956,26,20000,0.762,0.039401553582398684,0.21041681569948967,0.36245646859954506,84.94272594433033,1.107999999999997
59,MOEA/D,289.66666666666663,2268.0858172089897,1302.8333333333335,0.0,0.6746766614006137,0.739103254121426,96,20000,2.999,0.04654202275029849,0.20079746432805712,0.3935207301040946,83.88287623312783,0.7640000000000006
59,GA-SA,272.0,2353.6582983218905,1291.6666666666667,0.0,0.5934766402829147,0.6881803594769986,1,20000,6.37,0.04829514961318997,0.20262666475677105,0.41583895354668265,84.30346102521969,0.7260000000000005
59,A*-GA,293.3333333333333,2354.4616720770227,1391.1666666666665,0.0,0.07166978645161726,1.0,8,20000,1.085,0.04987380990444658,0.18914027893924323,0.4273835510363557,82.52968808479342,0.8120000000000006
59,LWC,297.6666666666667,2354.53398906058,1322.1666666666665,0.0,0.3420741014796711,0.3284662148738704,14,20000,0.783,0.04562591307946888,0.15038357614410647,0.4317632771416071,84.7781187137503,0.8180000000000006
60,AW-NSGA-II,348.6666666666667,2681.905134908849,1271.4999999999998,0.0,0.5035423292518975,0.33129480688505664,68,20000,0.748,0.0616456260775633,0.15181838241767442,0.26886909960056427,85.68806162099328,0.9560000000000007
60,NSGA-II-2obj,299.0,2473.152335636753,1319.3333333333333,0.0,0.24425745652125713,0.7747371457387762,7,20000,0.856,0.06528079838739873,0.17150082248343812,0.29004547061113994,80.4294081588602,0.8220000000000006
60,NSGA-II-3obj,380.3333333333333,2814.185367622499,1274.3333333333335,0.0,0.47326002739781603,0.6966163008147156,72,20000,0.735,0.06147273914883171,0.19533012524723736,0.3544593743753395,83.615207519584,1.0359999999999996
60,NSGA-III,295.33333333333337,2547.1387879161866,1313.0000000000002,0.0,0.6618496374569411,0.5100003572466147,54,20000,0.829,0.06444992155717018,0.15515826209836425,0.32256129306705117,82.23594234927839,0.8100000000000006
60,MOEA/D,283.6666666666667,2338.7499001634014,1289.1666666666667,0.0,0.900184271737162,0.862104303249719,97,20000,3.031,0.0653938052554465,0.1601871469373114,0.23907060641118028,82.09011754267134,0.7760000000000006
60,GA-SA,300.33333333333337,2533.859051720602,1269.5000000000002,0.0,0.4426199240134405,0.2696088712051578,1,20000,6.265,0.06280135964329847,0.19103655250628682,0.295836415844029,83.15083078201866,0.8260000000000006
60,A*-GA,293.6666666666667,2486.6201037500896,1325.3333333333335,0.0,0.28792677661956584,1.0,90,20000,1.017,0.06704053410393815,0.17297512138478544,0.3016753489634585,82.22249360855173,0.8180000000000006
60,LWC,287.33333333333337,2496.8912577275864,1287.3333333333335,0.0,0.6090690001311785,0.46614272989330374,67,20000,0.804,0.06507489837324841,0.15702219252173844,0.28040291758214186,79.88672460083025,0.7720000000000006
