seed,algo,metric,t_ms,final_hv
1,AW-NSGA-II,t50,447.10639999993873,0.6502085804476812
1,AW-NSGA-II,t90,749.8334000001705,0.6502085804476812
1,AW-NSGA-II,t99,829.4398999996702,0.6502085804476812
1,MOEA/D,t50,699.9955999999656,0.9308465601459484
1,MOEA/D,t90,1937.9258999997546,0.9308465601459484
1,MOEA/D,t99,2747.1914999996443,0.9308465601459484
2,AW-NSGA-II,t50,447.56990000041696,0.26008948206912164
2,AW-NSGA-II,t90,697.2421000000395,0.26008948206912164
2,AW-NSGA-II,t99,836.1494999999195,0.26008948206912164
2,MOEA/D,t50,1086.486799999875,0.895536591679964
2,MOEA/D,t90,2096.269399999983,0.895536591679964
2,MOEA/D,t99,2694.7386000001643,0.895536591679964
3,AW-NSGA-II,t50,449.098099999901,0.4224347035053846
3,AW-NSGA-II,t90,796.8257000002268,0.4224347035053846
3,AW-NSGA-II,t99,827.0791000004465,0.4224347035053846
3,MOEA/D,t50,1734.700399999383,0.60839422921773
3,MOEA/D,t90,2641.8942999998762,0.60839422921773
3,MOEA/D,t99,2943.936799999392,0.60839422921773
4,AW-NSGA-II,t50,599.9634999998307,0.4164806347323032
4,AW-NSGA-II,t90,797.7145000004384,0.4164806347323032
4,AW-NSGA-II,t99,797.7145000004384,0.4164806347323032
4,MOEA/D,t50,835.4921999998624,0.5027262755352173
4,MOEA/D,t90,2043.6322999994445,0.5027262755352173
4,MOEA/D,t99,2937.381099999584,0.5027262755352173
5,AW-NSGA-II,t50,447.4793999997928,0.45715835777386765
5,AW-NSGA-II,t90,746.9199999995908,0.45715835777386765
5,AW-NSGA-II,t99,836.813699999766,0.45715835777386765
5,MOEA/D,t50,899.5975000007093,0.7667328366884997
5,MOEA/D,t90,2192.9479000000356,0.7667328366884997
5,MOEA/D,t99,3087.2151000003214,0.7667328366884997
6,AW-NSGA-II,t50,597.2763999998278,0.34112351025875554
6,AW-NSGA-II,t90,796.560299999328,0.34112351025875554
6,AW-NSGA-II,t99,825.3555999999662,0.34112351025875554
6,MOEA/D,t50,1090.79279999969,0.8898684897875173
6,MOEA/D,t90,2786.6186999999627,0.8898684897875173
6,MOEA/D,t99,3049.0092000000004,0.8898684897875173
7,AW-NSGA-II,t50,647.4471000001358,0.370806773991725
7,AW-NSGA-II,t90,748.7827000004472,0.370806773991725
7,AW-NSGA-II,t99,798.3715000000302,0.370806773991725
7,MOEA/D,t50,1691.4145000000644,0.9078763660186617
7,MOEA/D,t90,2148.408600000039,0.9078763660186617
7,MOEA/D,t99,3099.944799999321,0.9078763660186617
8,AW-NSGA-II,t50,346.8794999998863,0.2942050611541953
8,AW-NSGA-II,t90,748.3201000004556,0.2942050611541953
8,AW-NSGA-II,t99,819.8573999998189,0.2942050611541953
8,MOEA/D,t50,1141.3125999997646,0.8588786826610456
8,MOEA/D,t90,2134.1537999996945,0.8588786826610456
8,MOEA/D,t99,2694.7166999998444,0.8588786826610456
9,AW-NSGA-II,t50,648.7028000001374,0.3995344193605211
9,AW-NSGA-II,t90,798.0557000000772,0.3995344193605211
9,AW-NSGA-II,t99,798.0557000000772,0.3995344193605211
9,MOEA/D,t50,1388.5075000007419,0.6735358385336085
9,MOEA/D,t90,2194.520100000773,0.6735358385336085
9,MOEA/D,t99,2949.0954000002603,0.6735358385336085
10,AW-NSGA-II,t50,548.0276000007507,0.3081348409676504
10,AW-NSGA-II,t90,797.1993000001021,0.3081348409676504
10,AW-NSGA-II,t99,822.6400000003196,0.3081348409676504
10,MOEA/D,t50,891.4927999994688,0.602259706284014
10,MOEA/D,t90,3049.6492000002036,0.602259706284014
10,MOEA/D,t99,3148.435299999619,0.602259706284014
11,AW-NSGA-II,t50,549.0176000002975,0.5900093243866569
11,AW-NSGA-II,t90,796.2287000000288,0.5900093243866569
11,AW-NSGA-II,t99,829.4905000002473,0.5900093243866569
11,MOEA/D,t50,635.5567999999039,0.9377120133744312
11,MOEA/D,t90,2296.681599999829,0.9377120133744312
11,MOEA/D,t99,2641.8312000005244,0.9377120133744312
12,AW-NSGA-II,t50,346.52009999990696,0.522363524682598
12,AW-NSGA-II,t90,699.1499000005206,0.522363524682598
12,AW-NSGA-II,t99,846.457200000259,0.522363524682598
12,MOEA/D,t50,693.1378999997833,0.9471955791046605
12,MOEA/D,t90,1692.6425999999992,0.9471955791046605
12,MOEA/D,t99,2899.3381999998746,0.9471955791046605
13,AW-NSGA-II,t50,347.1843000006629,0.7831195337978527
13,AW-NSGA-II,t90,749.1509999999835,0.7831195337978527
13,AW-NSGA-II,t99,846.4647000000696,0.7831195337978527
13,MOEA/D,t50,1085.4976999999053,0.8416818200231013
13,MOEA/D,t90,1741.5606000004118,0.8416818200231013
13,MOEA/D,t99,2597.466400000485,0.8416818200231013
14,AW-NSGA-II,t50,449.4918000000325,0.6446970437232379
14,AW-NSGA-II,t90,699.5419000004404,0.6446970437232379
14,AW-NSGA-II,t99,846.6128999998546,0.6446970437232379
14,MOEA/D,t50,1248.4905999999683,0.675922156131131
14,MOEA/D,t90,1948.358200000257,0.675922156131131
14,MOEA/D,t99,3195.5355999998574,0.675922156131131
15,AW-NSGA-II,t50,496.2928999993892,0.3855573321473113
15,AW-NSGA-II,t90,746.6375999993033,0.3855573321473113
15,AW-NSGA-II,t99,869.4657999994888,0.3855573321473113
15,MOEA/D,t50,1047.8229000000283,0.7732148380947031
15,MOEA/D,t90,1892.927900000359,0.7732148380947031
15,MOEA/D,t99,3037.1345000003203,0.7732148380947031
16,AW-NSGA-II,t50,499.57059999997,0.501610801993163
16,AW-NSGA-II,t90,749.4704000000638,0.501610801993163
16,AW-NSGA-II,t99,836.1250999996628,0.501610801993163
16,MOEA/D,t50,946.4183999998568,0.9291239665316593
16,MOEA/D,t90,2042.8239000002577,0.9291239665316593
16,MOEA/D,t99,2840.4757999996946,0.9291239665316593
17,AW-NSGA-II,t50,347.478300000148,0.668788578806393
17,AW-NSGA-II,t90,696.832099999483,0.668788578806393
17,AW-NSGA-II,t99,828.2076999994388,0.668788578806393
17,MOEA/D,t50,838.0073999996966,0.6108540735129937
17,MOEA/D,t90,1794.6398000003683,0.6108540735129937
17,MOEA/D,t99,2789.403400000083,0.6108540735129937
18,AW-NSGA-II,t50,447.88079999943875,0.5900244127598455
18,AW-NSGA-II,t90,749.91879999925,0.5900244127598455
18,AW-NSGA-II,t99,830.2459999995335,0.5900244127598455
18,MOEA/D,t50,1184.8827999992864,0.9631042606732485
18,MOEA/D,t90,2344.0656999991916,0.9631042606732485
18,MOEA/D,t99,2683.303999999225,0.9631042606732485
19,AW-NSGA-II,t50,448.0369000002611,0.5825045451143831
19,AW-NSGA-II,t90,796.5274999996836,0.5825045451143831
19,AW-NSGA-II,t99,871.6832000000068,0.5825045451143831
19,MOEA/D,t50,789.8599999998623,0.8508378516096926
19,MOEA/D,t90,2396.5795999993134,0.8508378516096926
19,MOEA/D,t99,2838.127099999838,0.8508378516096926
20,AW-NSGA-II,t50,549.8950000001059,0.19596310553486898
20,AW-NSGA-II,t90,836.2405000007129,0.19596310553486898
20,AW-NSGA-II,t99,836.2405000007129,0.19596310553486898
20,MOEA/D,t50,1249.1595000001325,0.6563782083485111
20,MOEA/D,t90,2439.89479999982,0.6563782083485111
20,MOEA/D,t99,3184.2891999995118,0.6563782083485111
21,AW-NSGA-II,t50,547.6023999999597,0.5132748382174406
21,AW-NSGA-II,t90,746.447900000021,0.5132748382174406
21,AW-NSGA-II,t99,842.899899999793,0.5132748382174406
21,MOEA/D,t50,1044.1874000007374,0.5153174943383576
21,MOEA/D,t90,2341.5859000006094,0.5153174943383576
21,MOEA/D,t99,3136.739000000489,0.5153174943383576
22,AW-NSGA-II,t50,549.6048999993945,0.30884974597516035
22,AW-NSGA-II,t90,797.5287999997818,0.30884974597516035
22,AW-NSGA-II,t99,842.0814999999493,0.30884974597516035
22,MOEA/D,t50,1135.3701000007277,0.76690776389499
22,MOEA/D,t90,3040.851300000213,0.76690776389499
22,MOEA/D,t99,3136.131500000374,0.76690776389499
23,AW-NSGA-II,t50,446.18700000046374,0.3161259482716233
23,AW-NSGA-II,t90,796.1851000000024,0.3161259482716233
23,AW-NSGA-II,t99,838.6192000007213,0.3161259482716233
23,MOEA/D,t50,748.8560000001598,0.9363650578582665
23,MOEA/D,t90,2193.097499999567,0.9363650578582665
23,MOEA/D,t99,2938.125200000286,0.9363650578582665
24,AW-NSGA-II,t50,445.4272000002675,0.589161632170691
24,AW-NSGA-II,t90,846.4875999998185,0.589161632170691
24,AW-NSGA-II,t99,846.4875999998185,0.589161632170691
24,MOEA/D,t50,592.3234000001685,0.7983950532284729
24,MOEA/D,t90,1639.4202999999834,0.7983950532284729
24,MOEA/D,t99,2938.7550000001283,0.7983950532284729
25,AW-NSGA-II,t50,447.99979999970674,0.5286825521431486
25,AW-NSGA-II,t90,797.0148999993398,0.5286825521431486
25,AW-NSGA-II,t99,835.9433999994508,0.5286825521431486
25,MOEA/D,t50,993.378400000438,0.8264388286068153
25,MOEA/D,t90,2244.5865999998205,0.8264388286068153
25,MOEA/D,t99,3036.156799999844,0.8264388286068153
26,AW-NSGA-II,t50,646.4082000002236,0.35332598337541
26,AW-NSGA-II,t90,848.064499999964,0.35332598337541
26,AW-NSGA-II,t99,898.3039000004283,0.35332598337541
26,MOEA/D,t50,587.6566999995703,0.6003977801796243
26,MOEA/D,t90,2192.952200000036,0.6003977801796243
26,MOEA/D,t99,3231.8906000000425,0.6003977801796243
27,AW-NSGA-II,t50,397.6493999998638,0.38842165005101137
27,AW-NSGA-II,t90,797.2663999998986,0.38842165005101137
27,AW-NSGA-II,t99,839.2216000002009,0.38842165005101137
27,MOEA/D,t50,1147.385100000065,0.7079868049136113
27,MOEA/D,t90,2549.12719999993,0.7079868049136113
27,MOEA/D,t99,3188.0170000004,0.7079868049136113
28,AW-NSGA-II,t50,449.7051999996984,0.542175301307881
28,AW-NSGA-II,t90,797.663499999544,0.542175301307881
28,AW-NSGA-II,t99,827.1899999999732,0.542175301307881
28,MOEA/D,t50,1439.5417000005182,0.8160326225098694
28,MOEA/D,t90,2898.527300000751,0.8160326225098694
28,MOEA/D,t99,2947.080700000697,0.8160326225098694
29,AW-NSGA-II,t50,396.07619999969756,0.6074484971332277
29,AW-NSGA-II,t90,848.707000000104,0.6074484971332277
29,AW-NSGA-II,t99,865.6522999999652,0.6074484971332277
29,MOEA/D,t50,1185.2772000002005,0.9752493496961531
29,MOEA/D,t90,2188.8460000000123,0.9752493496961531
29,MOEA/D,t99,2346.5162000002238,0.9752493496961531
30,AW-NSGA-II,t50,499.19989999943937,0.34678138712361467
30,AW-NSGA-II,t90,796.6355999997177,0.34678138712361467
30,AW-NSGA-II,t99,890.24739999968,0.34678138712361467
30,MOEA/D,t50,1639.4910999997592,0.9758032834800955
30,MOEA/D,t90,2542.8671999998187,0.9758032834800955
30,MOEA/D,t99,3216.7351999996754,0.9758032834800955
31,AW-NSGA-II,t50,397.4663999997574,0.5117283599428452
31,AW-NSGA-II,t90,749.4518000003154,0.5117283599428452
31,AW-NSGA-II,t99,799.6842000002289,0.5117283599428452
31,MOEA/D,t50,1090.533499999765,0.556551046740533
31,MOEA/D,t90,2948.7387999997736,0.556551046740533
31,MOEA/D,t99,3141.763699999501,0.556551046740533
32,AW-NSGA-II,t50,398.8321000006181,0.4868392855311664
32,AW-NSGA-II,t90,748.9479000005304,0.4868392855311664
32,AW-NSGA-II,t99,846.9598000001497,0.4868392855311664
32,MOEA/D,t50,1249.2394000000786,0.6424434310301739
32,MOEA/D,t90,3034.8212999997486,0.6424434310301739
32,MOEA/D,t99,3146.0160999995423,0.6424434310301739
33,AW-NSGA-II,t50,497.56320000051346,0.6096568974051342
33,AW-NSGA-II,t90,796.774500000538,0.6096568974051342
33,AW-NSGA-II,t99,856.1798000000636,0.6096568974051342
33,MOEA/D,t50,1638.4526000001642,0.7911814164676683
33,MOEA/D,t90,2893.6290999999983,0.7911814164676683
33,MOEA/D,t99,3193.640999999843,0.7911814164676683
34,AW-NSGA-II,t50,447.71399999990535,0.7126220277819729
34,AW-NSGA-II,t90,746.3399000007485,0.7126220277819729
34,AW-NSGA-II,t99,864.0186000002359,0.7126220277819729
34,MOEA/D,t50,897.7401000001919,0.7746991548112812
34,MOEA/D,t90,1797.0152999996571,0.7746991548112812
34,MOEA/D,t99,2393.189999999777,0.7746991548112812
35,AW-NSGA-II,t50,495.5585000006977,0.47217123668662686
35,AW-NSGA-II,t90,746.2986000000456,0.47217123668662686
35,AW-NSGA-II,t99,848.1673000005685,0.47217123668662686
35,MOEA/D,t50,990.5771000003369,0.5439663655660902
35,MOEA/D,t90,2140.781799999786,0.5439663655660902
35,MOEA/D,t99,2440.354500000467,0.5439663655660902
36,AW-NSGA-II,t50,449.8587000007319,0.6128403444745736
36,AW-NSGA-II,t90,696.6442000002644,0.6128403444745736
36,AW-NSGA-II,t99,796.8441000002713,0.6128403444745736
36,MOEA/D,t50,936.418300000696,0.6699235005976398
36,MOEA/D,t90,3084.7241000001304,0.6699235005976398
36,MOEA/D,t99,3196.324000000459,0.6699235005976398
37,AW-NSGA-II,t50,396.0847999996986,0.640088490645757
37,AW-NSGA-II,t90,798.3995999993567,0.640088490645757
37,AW-NSGA-II,t99,845.2879999995275,0.640088490645757
37,MOEA/D,t50,896.2658000000374,0.6490241911240484
37,MOEA/D,t90,2834.2181999996683,0.6490241911240484
37,MOEA/D,t99,3087.692199999765,0.6490241911240484
38,AW-NSGA-II,t50,397.77609999964625,0.5562981448600967
38,AW-NSGA-II,t90,646.9943000001876,0.5562981448600967
38,AW-NSGA-II,t99,798.7741999995706,0.5562981448600967
38,MOEA/D,t50,787.2018999996726,0.8310367998501036
38,MOEA/D,t90,2585.803300000407,0.8310367998501036
38,MOEA/D,t99,3191.2356000002546,0.8310367998501036
39,AW-NSGA-II,t50,596.0602000004656,0.37575319057366285
39,AW-NSGA-II,t90,796.4872000002288,0.37575319057366285
39,AW-NSGA-II,t99,796.4872000002288,0.37575319057366285
39,MOEA/D,t50,943.3736999999383,0.8113441842010662
39,MOEA/D,t90,2845.357399999557,0.8113441842010662
39,MOEA/D,t99,3162.661399999706,0.8113441842010662
40,AW-NSGA-II,t50,499.0602999996554,0.3609582565444518
40,AW-NSGA-II,t90,797.537999999804,0.3609582565444518
40,AW-NSGA-II,t99,832.1484999996756,0.3609582565444518
40,MOEA/D,t50,1497.372799999539,0.5196258330128234
40,MOEA/D,t90,2297.554300000229,0.5196258330128234
40,MOEA/D,t99,2792.858900000283,0.5196258330128234
41,AW-NSGA-II,t50,447.54569999986415,0.5211847198108746
41,AW-NSGA-II,t90,748.2039000005898,0.5211847198108746
41,AW-NSGA-II,t99,848.9353000004485,0.5211847198108746
41,MOEA/D,t50,1645.0255999998262,0.7453354224549363
41,MOEA/D,t90,2499.6483000004446,0.7453354224549363
41,MOEA/D,t99,3147.723600000063,0.7453354224549363
42,AW-NSGA-II,t50,498.3266999997795,0.4530070109915757
42,AW-NSGA-II,t90,749.786800000038,0.4530070109915757
42,AW-NSGA-II,t99,849.432899999556,0.4530070109915757
42,MOEA/D,t50,1091.127300000153,0.807316382709921
42,MOEA/D,t90,2999.692500000492,0.807316382709921
42,MOEA/D,t99,3239.3019000001004,0.807316382709921
43,AW-NSGA-II,t50,696.3308000003963,0.6466520357079519
43,AW-NSGA-II,t90,846.8278000000282,0.6466520357079519
43,AW-NSGA-II,t99,859.9260000000868,0.6466520357079519
43,MOEA/D,t50,1787.3523999996905,0.848126587219446
43,MOEA/D,t90,2791.318699999465,0.848126587219446
43,MOEA/D,t99,3139.2329999998765,0.848126587219446
44,AW-NSGA-II,t50,448.4309999998004,0.5284810356504215
44,AW-NSGA-II,t90,747.752500000388,0.5284810356504215
44,AW-NSGA-II,t99,835.5356000001848,0.5284810356504215
44,MOEA/D,t50,1640.838000000258,0.9262127087217431
44,MOEA/D,t90,2789.1234999997323,0.9262127087217431
44,MOEA/D,t99,3086.4574999995966,0.9262127087217431
45,AW-NSGA-II,t50,548.0280000001585,0.8337835280891658
45,AW-NSGA-II,t90,846.432299999833,0.8337835280891658
45,AW-NSGA-II,t99,859.6144000002823,0.8337835280891658
45,MOEA/D,t50,736.3384000000224,0.7558435889623585
45,MOEA/D,t90,2044.152700000268,0.7558435889623585
45,MOEA/D,t99,3039.128900000833,0.7558435889623585
46,AW-NSGA-II,t50,495.0704000002588,0.352708905876683
46,AW-NSGA-II,t90,748.4199999998964,0.352708905876683
46,AW-NSGA-II,t99,832.7665000006164,0.352708905876683
46,MOEA/D,t50,1533.7797000001956,0.8184487832934778
46,MOEA/D,t90,2249.6805999999197,0.8184487832934778
46,MOEA/D,t99,2792.1150000001944,0.8184487832934778
47,AW-NSGA-II,t50,497.61819999912404,0.5377020838373127
47,AW-NSGA-II,t90,847.9211999992913,0.5377020838373127
47,AW-NSGA-II,t99,883.2181999996465,0.5377020838373127
47,MOEA/D,t50,944.1621999994823,0.8480436746183878
47,MOEA/D,t90,2989.094699999441,0.8480436746183878
47,MOEA/D,t99,3193.328699999256,0.8480436746183878
48,AW-NSGA-II,t50,498.9356999994925,0.5454175831375988
48,AW-NSGA-II,t90,799.9427999993713,0.5454175831375988
48,AW-NSGA-II,t99,868.7841999999364,0.5454175831375988
48,MOEA/D,t50,990.3711000006297,0.6736906317218488
48,MOEA/D,t90,3092.0616000003065,0.6736906317218488
48,MOEA/D,t99,3092.0616000003065,0.6736906317218488
49,AW-NSGA-II,t50,346.81970000019646,0.606195041902349
49,AW-NSGA-II,t90,749.5406000007279,0.606195041902349
49,AW-NSGA-II,t99,843.3244000007107,0.606195041902349
49,MOEA/D,t50,2442.750100000012,0.5600459087507793
49,MOEA/D,t90,3196.5392000001884,0.5600459087507793
49,MOEA/D,t99,3247.286699999677,0.5600459087507793
50,AW-NSGA-II,t50,397.16039999984787,0.520837333698481
50,AW-NSGA-II,t90,797.5790999998935,0.520837333698481
50,AW-NSGA-II,t99,845.6568999999945,0.520837333698481
50,MOEA/D,t50,890.2554000005694,0.7242091194310207
50,MOEA/D,t90,1991.2765999997646,0.7242091194310207
50,MOEA/D,t99,2947.903700000097,0.7242091194310207
51,AW-NSGA-II,t50,546.1796999998114,0.5465843664122938
51,AW-NSGA-II,t90,799.2921999993996,0.5465843664122938
51,AW-NSGA-II,t99,849.0216999998665,0.5465843664122938
51,MOEA/D,t50,699.5158999998239,0.6527481049692212
51,MOEA/D,t90,1835.8547999996517,0.6527481049692212
51,MOEA/D,t99,2648.4052999994674,0.6527481049692212
52,AW-NSGA-II,t50,396.1544000003414,0.5157076358762791
52,AW-NSGA-II,t90,747.7000999997472,0.5157076358762791
52,AW-NSGA-II,t99,839.265599999635,0.5157076358762791
52,MOEA/D,t50,748.2988000001569,0.6987403305102052
52,MOEA/D,t90,2090.5445999997028,0.6987403305102052
52,MOEA/D,t99,2394.858800000293,0.6987403305102052
53,AW-NSGA-II,t50,396.5474999995422,0.5119088133384432
53,AW-NSGA-II,t90,749.2076999997153,0.5119088133384432
53,AW-NSGA-II,t99,838.4166999994704,0.5119088133384432
53,MOEA/D,t50,1138.039800000115,0.738408230311101
53,MOEA/D,t90,2248.0241000002934,0.738408230311101
53,MOEA/D,t99,2882.977299999766,0.738408230311101
54,AW-NSGA-II,t50,547.0866999994541,0.43526909002537045
54,AW-NSGA-II,t90,796.4756999999736,0.43526909002537045
54,AW-NSGA-II,t99,836.0618999995495,0.43526909002537045
54,MOEA/D,t50,1135.7735000001412,0.8729800003737294
54,MOEA/D,t90,2542.35830000016,0.8729800003737294
54,MOEA/D,t99,3089.469999999892,0.8729800003737294
55,AW-NSGA-II,t50,397.79360000011366,0.32132782684783623
55,AW-NSGA-II,t90,799.8238999998648,0.32132782684783623
55,AW-NSGA-II,t99,863.8048000002527,0.32132782684783623
55,MOEA/D,t50,1340.5603999999585,0.7080895745106601
55,MOEA/D,t90,2098.8287999998647,0.7080895745106601
55,MOEA/D,t99,3140.613900000062,0.7080895745106601
56,AW-NSGA-II,t50,447.61689999995724,0.6774273822848477
56,AW-NSGA-II,t90,699.7359999995751,0.6774273822848477
56,AW-NSGA-II,t99,841.6790000001129,0.6774273822848477
56,MOEA/D,t50,892.3048999995444,0.7701398162228185
56,MOEA/D,t90,1644.5628999999826,0.7701398162228185
56,MOEA/D,t99,2845.2001999994536,0.7701398162228185
57,AW-NSGA-II,t50,399.1961000001538,0.6310570373530843
57,AW-NSGA-II,t90,799.8477000001003,0.6310570373530843
57,AW-NSGA-II,t99,799.8477000001003,0.6310570373530843
57,MOEA/D,t50,646.7008999998143,0.8137611718751459
57,MOEA/D,t90,1838.190399999803,0.8137611718751459
57,MOEA/D,t99,2794.8335000000952,0.8137611718751459
58,AW-NSGA-II,t50,296.90800000025774,0.3394051927464302
58,AW-NSGA-II,t90,747.9342999995424,0.3394051927464302
58,AW-NSGA-II,t99,840.6543000000966,0.3394051927464302
58,MOEA/D,t50,886.0625999996046,0.7884259434613856
58,MOEA/D,t90,2742.105399999673,0.7884259434613856
58,MOEA/D,t99,3045.5628999998225,0.7884259434613856
59,AW-NSGA-II,t50,498.2313999998951,0.5307236157493338
59,AW-NSGA-II,t90,748.848199999884,0.5307236157493338
59,AW-NSGA-II,t99,838.0213999998887,0.5307236157493338
59,MOEA/D,t50,1645.7029000002876,0.6791881479739612
59,MOEA/D,t90,2644.808699999885,0.6791881479739612
59,MOEA/D,t99,2939.377599999716,0.6791881479739612
60,AW-NSGA-II,t50,345.90579999985493,0.5035423292518975
60,AW-NSGA-II,t90,647.0122999999148,0.5035423292518975
60,AW-NSGA-II,t99,843.1347000005189,0.5035423292518975
60,MOEA/D,t50,1296.878000000106,0.900184271737162
60,MOEA/D,t90,2140.3366999993523,0.900184271737162
60,MOEA/D,t99,2741.8479999996634,0.900184271737162
