seed,algo,budget_ms,bsf_hv
1,AW-NSGA-II,100,0.0
1,AW-NSGA-II,200,0.04702596013195819
1,AW-NSGA-II,500,0.4311810440102076
1,AW-NSGA-II,1000,0.6502085804476812
1,AW-NSGA-II,2000,0.6502085804476812
1,MOEA/D,100,0.0
1,MOEA/D,200,0.004791574122841058
1,MOEA/D,500,0.338625504193631
1,MOEA/D,1000,0.6370886038062277
1,MOEA/D,2000,0.853123104798202
2,AW-NSGA-II,100,0.0
2,AW-NSGA-II,200,0.011461696479837335
2,AW-NSGA-II,500,0.17551156543669558
2,AW-NSGA-II,1000,0.26008948206912164
2,AW-NSGA-II,2000,0.26008948206912164
2,MOEA/D,100,0.0
2,MOEA/D,200,0.0
2,MOEA/D,500,0.21038482578223378
2,MOEA/D,1000,0.4416474957267877
2,MOEA/D,2000,0.7824742833471159
3,AW-NSGA-II,100,0.0
3,AW-NSGA-II,200,0.032206715783276135
3,AW-NSGA-II,500,0.2644216495036018
3,AW-NSGA-II,1000,0.4224347035053846
3,AW-NSGA-II,2000,0.4224347035053846
3,MOEA/D,100,0.0
3,MOEA/D,200,0.0
3,MOEA/D,500,0.03610772382196806
3,MOEA/D,1000,0.15410843522607898
3,MOEA/D,2000,0.4619068573561829
4,AW-NSGA-II,100,0.0
4,AW-NSGA-II,200,0.0026142935831260515
4,AW-NSGA-II,500,0.15390164634655706
4,AW-NSGA-II,1000,0.4164806347323032
4,AW-NSGA-II,2000,0.4164806347323032
4,MOEA/D,100,0.0
4,MOEA/D,200,0.0
4,MOEA/D,500,0.14498204659575156
4,MOEA/D,1000,0.28909547220387255
4,MOEA/D,2000,0.4516215576856414
5,AW-NSGA-II,100,0.0
5,AW-NSGA-II,200,0.037082829073479456
5,AW-NSGA-II,500,0.31088505539636946
5,AW-NSGA-II,1000,0.45715835777386765
5,AW-NSGA-II,2000,0.45715835777386765
5,MOEA/D,100,0.0
5,MOEA/D,200,0.0
5,MOEA/D,500,0.21158697810624916
5,MOEA/D,1000,0.47476200136723734
5,MOEA/D,2000,0.6805494432669784
6,AW-NSGA-II,100,0.0
6,AW-NSGA-II,200,0.0
6,AW-NSGA-II,500,0.08242900732072113
6,AW-NSGA-II,1000,0.34112351025875554
6,AW-NSGA-II,2000,0.34112351025875554
6,MOEA/D,100,0.0
6,MOEA/D,200,0.0
6,MOEA/D,500,0.1376741100254099
6,MOEA/D,1000,0.4191670154508716
6,MOEA/D,2000,0.678194595750441
7,AW-NSGA-II,100,0.0
7,AW-NSGA-II,200,0.0
7,AW-NSGA-II,500,0.1539817957755951
7,AW-NSGA-II,1000,0.370806773991725
7,AW-NSGA-II,2000,0.370806773991725
7,MOEA/D,100,0.0
7,MOEA/D,200,0.0
7,MOEA/D,500,0.09796990981994165
7,MOEA/D,1000,0.16393553488410575
7,MOEA/D,2000,0.7784757164221869
8,AW-NSGA-II,100,0.0005710692101156981
8,AW-NSGA-II,200,0.040487270184709725
8,AW-NSGA-II,500,0.2135749530012836
8,AW-NSGA-II,1000,0.2942050611541953
8,AW-NSGA-II,2000,0.2942050611541953
8,MOEA/D,100,0.0
8,MOEA/D,200,0.0
8,MOEA/D,500,0.09239707794932012
8,MOEA/D,1000,0.32437070642021953
8,MOEA/D,2000,0.7099824848836758
9,AW-NSGA-II,100,0.0
9,AW-NSGA-II,200,0.0
9,AW-NSGA-II,500,0.12312568072931947
9,AW-NSGA-II,1000,0.3995344193605211
9,AW-NSGA-II,2000,0.3995344193605211
9,MOEA/D,100,0.0
9,MOEA/D,200,0.0
9,MOEA/D,500,0.11433759516469333
9,MOEA/D,1000,0.26263748609472626
9,MOEA/D,2000,0.5635525707392808
10,AW-NSGA-II,100,0.0
10,AW-NSGA-II,200,0.0005302746752038736
10,AW-NSGA-II,500,0.15348995930483228
10,AW-NSGA-II,1000,0.3081348409676504
10,AW-NSGA-II,2000,0.3081348409676504
10,MOEA/D,100,0.0
10,MOEA/D,200,0.0
10,MOEA/D,500,0.0803180593698376
10,MOEA/D,1000,0.35661389348289374
10,MOEA/D,2000,0.4044322477143826
11,AW-NSGA-II,100,0.0
11,AW-NSGA-II,200,0.009246812209796968
11,AW-NSGA-II,500,0.2948493595294692
11,AW-NSGA-II,1000,0.5900093243866569
11,AW-NSGA-II,2000,0.5900093243866569
11,MOEA/D,100,0.005628207551640553
11,MOEA/D,200,0.024788454175618535
11,MOEA/D,500,0.43888183393654523
11,MOEA/D,1000,0.6014170368966593
11,MOEA/D,2000,0.8316834133026689
12,AW-NSGA-II,100,0.002099465153549988
12,AW-NSGA-II,200,0.1539423525288897
12,AW-NSGA-II,500,0.3937240689564825
12,AW-NSGA-II,1000,0.522363524682598
12,AW-NSGA-II,2000,0.522363524682598
12,MOEA/D,100,0.0
12,MOEA/D,200,0.0
12,MOEA/D,500,0.08018281802736296
12,MOEA/D,1000,0.6157900254872606
12,MOEA/D,2000,0.883880911482025
13,AW-NSGA-II,100,0.022727779197408156
13,AW-NSGA-II,200,0.1890917725470406
13,AW-NSGA-II,500,0.5784504717422279
13,AW-NSGA-II,1000,0.7831195337978527
13,AW-NSGA-II,2000,0.7831195337978527
13,MOEA/D,100,0.0
13,MOEA/D,200,0.0
13,MOEA/D,500,0.09138523286335522
13,MOEA/D,1000,0.3789526272265267
13,MOEA/D,2000,0.7815144338300942
14,AW-NSGA-II,100,0.0
14,AW-NSGA-II,200,0.01846433165091188
14,AW-NSGA-II,500,0.40380574954239373
14,AW-NSGA-II,1000,0.6446970437232379
14,AW-NSGA-II,2000,0.6446970437232379
14,MOEA/D,100,0.0
14,MOEA/D,200,0.0
14,MOEA/D,500,0.060627831286258566
14,MOEA/D,1000,0.2041547573198522
14,MOEA/D,2000,0.610700720370006
15,AW-NSGA-II,100,0.0
15,AW-NSGA-II,200,0.02618058593137977
15,AW-NSGA-II,500,0.22367607983878274
15,AW-NSGA-II,1000,0.3855573321473113
15,AW-NSGA-II,2000,0.3855573321473113
15,MOEA/D,100,0.0
15,MOEA/D,200,0.0
15,MOEA/D,500,0.1261803166059149
15,MOEA/D,1000,0.38143129797114983
15,MOEA/D,2000,0.7299577434138921
16,AW-NSGA-II,100,0.0
16,AW-NSGA-II,200,0.008551669720634413
16,AW-NSGA-II,500,0.25423332410092336
16,AW-NSGA-II,1000,0.501610801993163
16,AW-NSGA-II,2000,0.501610801993163
16,MOEA/D,100,0.0
16,MOEA/D,200,0.005793051804543948
16,MOEA/D,500,0.13237068063387764
16,MOEA/D,1000,0.5190559941795166
16,MOEA/D,2000,0.8239368052596683
17,AW-NSGA-II,100,0.0
17,AW-NSGA-II,200,0.0464616160747298
17,AW-NSGA-II,500,0.5210932089585945
17,AW-NSGA-II,1000,0.668788578806393
17,AW-NSGA-II,2000,0.668788578806393
17,MOEA/D,100,0.0
17,MOEA/D,200,0.0
17,MOEA/D,500,0.15100781237239946
17,MOEA/D,1000,0.4058655026227801
17,MOEA/D,2000,0.5770285446621797
18,AW-NSGA-II,100,0.0
18,AW-NSGA-II,200,0.017689678740381895
18,AW-NSGA-II,500,0.3292238563236991
18,AW-NSGA-II,1000,0.5900244127598455
18,AW-NSGA-II,2000,0.5900244127598455
18,MOEA/D,100,0.0
18,MOEA/D,200,0.0
18,MOEA/D,500,0.1518781047110575
18,MOEA/D,1000,0.42974895692385556
18,MOEA/D,2000,0.6918114303952912
19,AW-NSGA-II,100,0.0
19,AW-NSGA-II,200,0.0037962688693286193
19,AW-NSGA-II,500,0.37580549938978103
19,AW-NSGA-II,1000,0.5825045451143831
19,AW-NSGA-II,2000,0.5825045451143831
19,MOEA/D,100,0.0
19,MOEA/D,200,0.006791687840353738
19,MOEA/D,500,0.19129275646769023
19,MOEA/D,1000,0.5649112754350404
19,MOEA/D,2000,0.7485987697913881
20,AW-NSGA-II,100,0.0
20,AW-NSGA-II,200,0.005566620184607895
20,AW-NSGA-II,500,0.09215337844974786
20,AW-NSGA-II,1000,0.19596310553486898
20,AW-NSGA-II,2000,0.19596310553486898
20,MOEA/D,100,0.0
20,MOEA/D,200,0.0
20,MOEA/D,500,0.1353565341110605
20,MOEA/D,1000,0.29250710405700114
20,MOEA/D,2000,0.5356958930969331
21,AW-NSGA-II,100,0.0
21,AW-NSGA-II,200,0.0006725682881687845
21,AW-NSGA-II,500,0.22750391832888212
21,AW-NSGA-II,1000,0.5132748382174406
21,AW-NSGA-II,2000,0.5132748382174406
21,MOEA/D,100,0.0
21,MOEA/D,200,0.0
21,MOEA/D,500,0.045664547341859346
21,MOEA/D,1000,0.2401510447351614
21,MOEA/D,2000,0.38064934139362977
22,AW-NSGA-II,100,0.0
22,AW-NSGA-II,200,0.0
22,AW-NSGA-II,500,0.1396383938724893
22,AW-NSGA-II,1000,0.30884974597516035
22,AW-NSGA-II,2000,0.30884974597516035
22,MOEA/D,100,0.0
22,MOEA/D,200,0.0
22,MOEA/D,500,0.12946929039081514
22,MOEA/D,1000,0.3091768514227631
22,MOEA/D,2000,0.592181369952342
23,AW-NSGA-II,100,0.0
23,AW-NSGA-II,200,0.02452606621016178
23,AW-NSGA-II,500,0.19531233105497653
23,AW-NSGA-II,1000,0.3161259482716233
23,AW-NSGA-II,2000,0.3161259482716233
23,MOEA/D,100,0.0
23,MOEA/D,200,0.0027785934550475615
23,MOEA/D,500,0.3244399967945839
23,MOEA/D,1000,0.6362222240857242
23,MOEA/D,2000,0.7627604290376574
24,AW-NSGA-II,100,0.0
24,AW-NSGA-II,200,0.08554695522168515
24,AW-NSGA-II,500,0.3424699613131136
24,AW-NSGA-II,1000,0.589161632170691
24,AW-NSGA-II,2000,0.589161632170691
24,MOEA/D,100,0.0
24,MOEA/D,200,0.019159055826721727
24,MOEA/D,500,0.35371346521935987
24,MOEA/D,1000,0.6323210860333386
24,MOEA/D,2000,0.7661496521912995
25,AW-NSGA-II,100,0.0
25,AW-NSGA-II,200,0.047220958576161785
25,AW-NSGA-II,500,0.348860599183666
25,AW-NSGA-II,1000,0.5286825521431486
25,AW-NSGA-II,2000,0.5286825521431486
25,MOEA/D,100,0.0
25,MOEA/D,200,0.0
25,MOEA/D,500,0.015501178989021928
25,MOEA/D,1000,0.4195792344770456
25,MOEA/D,2000,0.6679839369266029
26,AW-NSGA-II,100,0.0
26,AW-NSGA-II,200,0.002339135557002112
26,AW-NSGA-II,500,0.09313629244139994
26,AW-NSGA-II,1000,0.35332598337541
26,AW-NSGA-II,2000,0.35332598337541
26,MOEA/D,100,0.0
26,MOEA/D,200,0.0
26,MOEA/D,500,0.21513182103474254
26,MOEA/D,1000,0.368369319867053
26,MOEA/D,2000,0.530169545658738
27,AW-NSGA-II,100,0.0
27,AW-NSGA-II,200,0.022799897069316732
27,AW-NSGA-II,500,0.2770409665413707
27,AW-NSGA-II,1000,0.38842165005101137
27,AW-NSGA-II,2000,0.38842165005101137
27,MOEA/D,100,0.0
27,MOEA/D,200,0.020476309898276365
27,MOEA/D,500,0.18973257470745036
27,MOEA/D,1000,0.31780929126993285
27,MOEA/D,2000,0.5274844764087961
28,AW-NSGA-II,100,0.0
28,AW-NSGA-II,200,0.08800592725072959
28,AW-NSGA-II,500,0.3256051760970268
28,AW-NSGA-II,1000,0.542175301307881
28,AW-NSGA-II,2000,0.542175301307881
28,MOEA/D,100,0.0
28,MOEA/D,200,0.0
28,MOEA/D,500,0.07281576277951132
28,MOEA/D,1000,0.3093754044637431
28,MOEA/D,2000,0.616451889245616
29,AW-NSGA-II,100,0.001330035554184221
29,AW-NSGA-II,200,0.06643634352975554
29,AW-NSGA-II,500,0.35802637451153385
29,AW-NSGA-II,1000,0.6074484971332277
29,AW-NSGA-II,2000,0.6074484971332277
29,MOEA/D,100,0.0
29,MOEA/D,200,0.028922995715067387
29,MOEA/D,500,0.14847055093970699
29,MOEA/D,1000,0.41697674524047273
29,MOEA/D,2000,0.8287762774398564
30,AW-NSGA-II,100,0.0
30,AW-NSGA-II,200,0.0008036681398692669
30,AW-NSGA-II,500,0.1783158984358753
30,AW-NSGA-II,1000,0.34678138712361467
30,AW-NSGA-II,2000,0.34678138712361467
30,MOEA/D,100,0.0
30,MOEA/D,200,0.0
30,MOEA/D,500,0.18028090376816258
30,MOEA/D,1000,0.37237589503043333
30,MOEA/D,2000,0.6935763651901076
31,AW-NSGA-II,100,0.0
31,AW-NSGA-II,200,0.06311691020452687
31,AW-NSGA-II,500,0.3434025228750781
31,AW-NSGA-II,1000,0.5117283599428452
31,AW-NSGA-II,2000,0.5117283599428452
31,MOEA/D,100,0.0
31,MOEA/D,200,0.0
31,MOEA/D,500,0.09285050577624475
31,MOEA/D,1000,0.2770969288704838
31,MOEA/D,2000,0.41904227038433717
32,AW-NSGA-II,100,0.0
32,AW-NSGA-II,200,0.1390632174030789
32,AW-NSGA-II,500,0.29061818218441204
32,AW-NSGA-II,1000,0.4868392855311664
32,AW-NSGA-II,2000,0.4868392855311664
32,MOEA/D,100,0.0
32,MOEA/D,200,0.0
32,MOEA/D,500,0.08915652918568477
32,MOEA/D,1000,0.28752231557145175
32,MOEA/D,2000,0.4785140459085453
33,AW-NSGA-II,100,0.0
33,AW-NSGA-II,200,0.038225883549205794
33,AW-NSGA-II,500,0.31123037435280815
33,AW-NSGA-II,1000,0.6096568974051342
33,AW-NSGA-II,2000,0.6096568974051342
33,MOEA/D,100,0.0
33,MOEA/D,200,0.0
33,MOEA/D,500,0.12083996711201436
33,MOEA/D,1000,0.26156186317577745
33,MOEA/D,2000,0.4651525028090228
34,AW-NSGA-II,100,0.0
34,AW-NSGA-II,200,0.0929048035618501
34,AW-NSGA-II,500,0.40656196520740695
34,AW-NSGA-II,1000,0.7126220277819729
34,AW-NSGA-II,2000,0.7126220277819729
34,MOEA/D,100,0.0
34,MOEA/D,200,0.016107931886175764
34,MOEA/D,500,0.219071840905618
34,MOEA/D,1000,0.431382259406333
34,MOEA/D,2000,0.7314407296161578
35,AW-NSGA-II,100,0.0
35,AW-NSGA-II,200,0.005750807399725835
35,AW-NSGA-II,500,0.2592195832047572
35,AW-NSGA-II,1000,0.47217123668662686
35,AW-NSGA-II,2000,0.47217123668662686
35,MOEA/D,100,0.0
35,MOEA/D,200,0.0
35,MOEA/D,500,0.10760345230256659
35,MOEA/D,1000,0.30645812644402626
35,MOEA/D,2000,0.4462191813154178
36,AW-NSGA-II,100,0.0009684024991155803
36,AW-NSGA-II,200,0.002119421974502107
36,AW-NSGA-II,500,0.3731498774525073
36,AW-NSGA-II,1000,0.6128403444745736
36,AW-NSGA-II,2000,0.6128403444745736
36,MOEA/D,100,0.0
36,MOEA/D,200,0.022050315864795667
36,MOEA/D,500,0.12616525776362958
36,MOEA/D,1000,0.35071630474951665
36,MOEA/D,2000,0.46728275463217356
37,AW-NSGA-II,100,0.01826166309490637
37,AW-NSGA-II,200,0.1744577839147316
37,AW-NSGA-II,500,0.4218645447325302
37,AW-NSGA-II,1000,0.640088490645757
37,AW-NSGA-II,2000,0.640088490645757
37,MOEA/D,100,0.0
37,MOEA/D,200,0.037737635618848596
37,MOEA/D,500,0.2066037360186173
37,MOEA/D,1000,0.3792407492139887
37,MOEA/D,2000,0.5711186551367999
38,AW-NSGA-II,100,0.008191893426515566
38,AW-NSGA-II,200,0.09361927759257209
38,AW-NSGA-II,500,0.4194988126361756
38,AW-NSGA-II,1000,0.5562981448600967
38,AW-NSGA-II,2000,0.5562981448600967
38,MOEA/D,100,0.0
38,MOEA/D,200,0.0
38,MOEA/D,500,0.21116722712703306
38,MOEA/D,1000,0.5339076747400738
38,MOEA/D,2000,0.6815216084716673
39,AW-NSGA-II,100,0.0
39,AW-NSGA-II,200,0.0023868244272589956
39,AW-NSGA-II,500,0.12707295965031673
39,AW-NSGA-II,1000,0.37575319057366285
39,AW-NSGA-II,2000,0.37575319057366285
39,MOEA/D,100,0.0
39,MOEA/D,200,0.0
39,MOEA/D,500,0.07470637059601348
39,MOEA/D,1000,0.4566519530903847
39,MOEA/D,2000,0.6842638822230978
40,AW-NSGA-II,100,0.0
40,AW-NSGA-II,200,0.0
40,AW-NSGA-II,500,0.19277144684265082
40,AW-NSGA-II,1000,0.3609582565444518
40,AW-NSGA-II,2000,0.3609582565444518
40,MOEA/D,100,0.0
40,MOEA/D,200,0.0
40,MOEA/D,500,0.07082728008657689
40,MOEA/D,1000,0.2275906637565785
40,MOEA/D,2000,0.37619460529867776
41,AW-NSGA-II,100,0.0
41,AW-NSGA-II,200,0.05917161871590306
41,AW-NSGA-II,500,0.28944523711237136
41,AW-NSGA-II,1000,0.5211847198108746
41,AW-NSGA-II,2000,0.5211847198108746
41,MOEA/D,100,0.0
41,MOEA/D,200,0.0
41,MOEA/D,500,0.0008521467901078341
41,MOEA/D,1000,0.19265557067385375
41,MOEA/D,2000,0.554526725385097
42,AW-NSGA-II,100,0.0
42,AW-NSGA-II,200,0.006626874245770777
42,AW-NSGA-II,500,0.24237018038254327
42,AW-NSGA-II,1000,0.4530070109915757
42,AW-NSGA-II,2000,0.4530070109915757
42,MOEA/D,100,0.0
42,MOEA/D,200,0.00045824930104334724
42,MOEA/D,500,0.13368885141552775
42,MOEA/D,1000,0.3084121048907187
42,MOEA/D,2000,0.5435933083851365
43,AW-NSGA-II,100,0.0
43,AW-NSGA-II,200,0.0
43,AW-NSGA-II,500,0.21732913550979277
43,AW-NSGA-II,1000,0.6466520357079519
43,AW-NSGA-II,2000,0.6466520357079519
43,MOEA/D,100,0.0
43,MOEA/D,200,0.0
43,MOEA/D,500,0.03429471899733236
43,MOEA/D,1000,0.27380480407408114
43,MOEA/D,2000,0.4502644514897115
44,AW-NSGA-II,100,0.0
44,AW-NSGA-II,200,0.03910288512886605
44,AW-NSGA-II,500,0.3354348959835993
44,AW-NSGA-II,1000,0.5284810356504215
44,AW-NSGA-II,2000,0.5284810356504215
44,MOEA/D,100,0.0
44,MOEA/D,200,0.019400462616994345
44,MOEA/D,500,0.11470676825855432
44,MOEA/D,1000,0.2761566930066517
44,MOEA/D,2000,0.6307690165073327
45,AW-NSGA-II,100,0.0
45,AW-NSGA-II,200,0.09355351826643554
45,AW-NSGA-II,500,0.38861447681184996
45,AW-NSGA-II,1000,0.8337835280891658
45,AW-NSGA-II,2000,0.8337835280891658
45,MOEA/D,100,0.0
45,MOEA/D,200,0.001996421055876979
45,MOEA/D,500,0.21183190996215012
45,MOEA/D,1000,0.463796845793346
45,MOEA/D,2000,0.6409136585421195
46,AW-NSGA-II,100,0.0
46,AW-NSGA-II,200,0.01090920836743605
46,AW-NSGA-II,500,0.2346829895950972
46,AW-NSGA-II,1000,0.352708905876683
46,AW-NSGA-II,2000,0.352708905876683
46,MOEA/D,100,0.0
46,MOEA/D,200,0.0
46,MOEA/D,500,0.07936063262961568
46,MOEA/D,1000,0.2553805403181743
46,MOEA/D,2000,0.567021554263849
47,AW-NSGA-II,100,0.00019824431544758375
47,AW-NSGA-II,200,0.03012058827996261
47,AW-NSGA-II,500,0.2903512761861453
47,AW-NSGA-II,1000,0.5377020838373127
47,AW-NSGA-II,2000,0.5377020838373127
47,MOEA/D,100,0.0
47,MOEA/D,200,0.0
47,MOEA/D,500,0.17728117624684253
47,MOEA/D,1000,0.4742732309091999
47,MOEA/D,2000,0.6265858497889994
48,AW-NSGA-II,100,0.0
48,AW-NSGA-II,200,0.0503755312327568
48,AW-NSGA-II,500,0.28145969786055547
48,AW-NSGA-II,1000,0.5454175831375988
48,AW-NSGA-II,2000,0.5454175831375988
48,MOEA/D,100,0.0
48,MOEA/D,200,0.0
48,MOEA/D,500,0.03689538824272084
48,MOEA/D,1000,0.34237284957471625
48,MOEA/D,2000,0.4198870032809103
49,AW-NSGA-II,100,0.0
49,AW-NSGA-II,200,0.14229333304733588
49,AW-NSGA-II,500,0.43424359487360004
49,AW-NSGA-II,1000,0.606195041902349
49,AW-NSGA-II,2000,0.606195041902349
49,MOEA/D,100,0.0
49,MOEA/D,200,0.0
49,MOEA/D,500,0.13681747944158515
49,MOEA/D,1000,0.18124763090055324
49,MOEA/D,2000,0.25422872014969455
50,AW-NSGA-II,100,0.0
50,AW-NSGA-II,200,0.0713907214473171
50,AW-NSGA-II,500,0.3517640867585291
50,AW-NSGA-II,1000,0.520837333698481
50,AW-NSGA-II,2000,0.520837333698481
50,MOEA/D,100,0.0
50,MOEA/D,200,0.004100215691227921
50,MOEA/D,500,0.13057999607435758
50,MOEA/D,1000,0.38246984254225797
50,MOEA/D,2000,0.6618917999093077
51,AW-NSGA-II,100,0.0
51,AW-NSGA-II,200,0.03448435058886233
51,AW-NSGA-II,500,0.2583501997048609
51,AW-NSGA-II,1000,0.5465843664122938
51,AW-NSGA-II,2000,0.5465843664122938
51,MOEA/D,100,0.0
51,MOEA/D,200,0.0
51,MOEA/D,500,0.22429586364336715
51,MOEA/D,1000,0.4138346992710822
51,MOEA/D,2000,0.5936468499481555
52,AW-NSGA-II,100,0.0
52,AW-NSGA-II,200,0.008708583784793666
52,AW-NSGA-II,500,0.3122300246663894
52,AW-NSGA-II,1000,0.5157076358762791
52,AW-NSGA-II,2000,0.5157076358762791
52,MOEA/D,100,0.0
52,MOEA/D,200,0.0001429116995012298
52,MOEA/D,500,0.23184280215599645
52,MOEA/D,1000,0.4107526895158958
52,MOEA/D,2000,0.6070598926004264
53,AW-NSGA-II,100,0.0
53,AW-NSGA-II,200,0.08569898807644533
53,AW-NSGA-II,500,0.3016675733095895
53,AW-NSGA-II,1000,0.5119088133384432
53,AW-NSGA-II,2000,0.5119088133384432
53,MOEA/D,100,0.0
53,MOEA/D,200,0.017491701667040786
53,MOEA/D,500,0.09000401134541894
53,MOEA/D,1000,0.307849202148082
53,MOEA/D,2000,0.6192792037881193
54,AW-NSGA-II,100,0.0
54,AW-NSGA-II,200,0.0
54,AW-NSGA-II,500,0.11163620204001032
54,AW-NSGA-II,1000,0.43526909002537045
54,AW-NSGA-II,2000,0.43526909002537045
54,MOEA/D,100,0.0
54,MOEA/D,200,0.010255374500066935
54,MOEA/D,500,0.13613683660526146
54,MOEA/D,1000,0.3525510690658929
54,MOEA/D,2000,0.6931065453561002
55,AW-NSGA-II,100,0.0
55,AW-NSGA-II,200,0.06790608016420303
55,AW-NSGA-II,500,0.20249541743418523
55,AW-NSGA-II,1000,0.32132782684783623
55,AW-NSGA-II,2000,0.32132782684783623
55,MOEA/D,100,0.0
55,MOEA/D,200,0.0
55,MOEA/D,500,0.03116701050261605
55,MOEA/D,1000,0.20172116733189774
55,MOEA/D,2000,0.5892591945019028
56,AW-NSGA-II,100,0.0
56,AW-NSGA-II,200,0.017117108781553352
56,AW-NSGA-II,500,0.43409129951973124
56,AW-NSGA-II,1000,0.6774273822848477
56,AW-NSGA-II,2000,0.6774273822848477
56,MOEA/D,100,0.0
56,MOEA/D,200,0.024516416471319205
56,MOEA/D,500,0.20230297198253927
56,MOEA/D,1000,0.4154838982743062
56,MOEA/D,2000,0.7216140478548241
57,AW-NSGA-II,100,0.0
57,AW-NSGA-II,200,0.013487150785162466
57,AW-NSGA-II,500,0.4292713266918944
57,AW-NSGA-II,1000,0.6310570373530843
57,AW-NSGA-II,2000,0.6310570373530843
57,MOEA/D,100,0.0
57,MOEA/D,200,0.0
57,MOEA/D,500,0.07743668074166672
57,MOEA/D,1000,0.663615810464979
57,MOEA/D,2000,0.7609218063910783
58,AW-NSGA-II,100,0.000298215605569827
58,AW-NSGA-II,200,0.12440364542244992
58,AW-NSGA-II,500,0.2658148443470185
58,AW-NSGA-II,1000,0.3394051927464302
58,AW-NSGA-II,2000,0.3394051927464302
58,MOEA/D,100,0.0
58,MOEA/D,200,0.0022050418055442104
58,MOEA/D,500,0.1940254354924676
58,MOEA/D,1000,0.4482857132609513
58,MOEA/D,2000,0.639004685784675
59,AW-NSGA-II,100,0.0
59,AW-NSGA-II,200,0.002789948700633296
59,AW-NSGA-II,500,0.2758344068825869
59,AW-NSGA-II,1000,0.5307236157493338
59,AW-NSGA-II,2000,0.5307236157493338
59,MOEA/D,100,0.0
59,MOEA/D,200,0.0
59,MOEA/D,500,0.009691839636696486
59,MOEA/D,1000,0.13362517460921514
59,MOEA/D,2000,0.38444095453176463
60,AW-NSGA-II,100,4.0966142044097656e-05
60,AW-NSGA-II,200,0.0836670011853698
60,AW-NSGA-II,500,0.4033395748572115
60,AW-NSGA-II,1000,0.5035423292518975
60,AW-NSGA-II,2000,0.5035423292518975
60,MOEA/D,100,0.0
60,MOEA/D,200,0.0008651728330319422
60,MOEA/D,500,0.19082715742007436
60,MOEA/D,1000,0.39433207477590204
60,MOEA/D,2000,0.7516160455562755
