strategy,t,completed_pct,h_fault
EHCO,1.0,0.0,0.7652523274601744
EHCO,3.0,0.0,0.7733668428642088
EHCO,5.0,0.0,0.7810737832164832
EHCO,7.0,0.0,0.7883906070381137
EHCO,9.0,0.0,0.795334063668443
EHCO,11.0,0.0,0.8019202214875312
EHCO,13.0,0.0,0.8081644950248502
EHCO,15.0,0.0,0.8140816709979837
EHCO,17.0,0.0,0.819685933323416
EHCO,19.0,0.0,0.8249908871398427
EHCO,21.0,0.0,0.8300095818828432
EHCO,23.0,0.0,0.8347545334482347
EHCO,25.0,0.0,0.8392377454799592
EHCO,27.0,0.0,0.8434707298169458
EHCO,29.0,2.0,0.8474645261320399
EHCO,31.0,2.0,0.8512297207947911
EHCO,33.0,2.0,0.8547764649886407
EHCO,35.0,2.0,0.8581144921118521
EHCO,37.0,6.0,0.861264642967303
EHCO,39.0,8.0,0.8641322957696488
EHCO,41.0,8.0,0.866686406435136
EHCO,43.0,8.0,0.8689425924915072
EHCO,45.0,8.0,0.8709158039634449
EHCO,47.0,8.0,0.8726203504648489
EHCO,49.0,8.0,0.8740699272133081
EHCO,51.0,10.0,0.8752776400093012
EHCO,53.0,10.0,0.8762560292209771
EHCO,55.0,10.0,0.8770170928137714
EHCO,57.0,10.0,0.8775723084625605
EHCO,59.0,12.0,0.8779326547825803
EHCO,61.0,14.000000000000002,0.878108631713906
EHCO,63.0,14.000000000000002,0.8781102800929227
EHCO,65.0,14.000000000000002,0.8779472004429028
EHCO,67.0,14.000000000000002,0.8776285710145392
EHCO,69.0,16.0,0.8771631651060733
EHCO,71.0,18.0,0.8766031104647408
EHCO,73.0,18.0,0.8760830641599091
EHCO,75.0,18.0,0.8756013409032664
EHCO,77.0,20.0,0.8751468606282177
EHCO,79.0,20.0,0.8746908520597466
EHCO,81.0,20.0,0.8742336894619556
EHCO,83.0,22.0,0.8737757272215658
EHCO,85.0,24.0,0.8733009191449843
EHCO,87.0,24.0,0.8726907110128155
EHCO,89.0,24.0,0.8674846601260847
EHCO,91.0,26.0,0.8579222824097485
EHCO,93.0,28.000000000000004,0.8485468301118309
EHCO,95.0,30.0,0.8393540752955335
EHCO,97.0,30.0,0.8303399045622074
EHCO,99.0,32.0,0.8215003154063386
EHCO,101.0,32.0,0.8128314126995057
EHCO,103.0,32.0,0.8043294052984818
EHCO,105.0,32.0,0.7959906027728402
EHCO,107.0,32.0,0.7878114122475948
EHCO,109.0,32.0,0.7797883353565898
EHCO,111.0,34.0,0.7719179653025047
EHCO,113.0,34.0,0.7641970701979472
EHCO,115.0,34.0,0.7566226697100302
EHCO,117.0,38.0,0.7491916018590543
EHCO,119.0,38.0,0.7419005291552467
EHCO,121.0,38.0,0.7347463753750778
EHCO,123.0,38.0,0.7277262281206345
EHCO,125.0,40.0,0.7208372486046745
EHCO,127.0,42.0,0.7140766694346503
EHCO,129.0,44.0,0.7074417924725614
EHCO,131.0,44.0,0.7009299867678453
EHCO,133.0,44.0,0.694538686560621
EHCO,135.0,44.0,0.6882653893527032
EHCO,137.0,44.0,0.6821076540439032
EHCO,139.0,46.0,0.6760630991312279
EHCO,141.0,46.0,0.6701294009686761
EHCO,143.0,46.0,0.6643042920854224
EHCO,145.0,46.0,0.6585855595602613
EHCO,147.0,46.0,0.652971043450266
EHCO,149.0,46.0,0.6474586352716899
EHCO,151.0,48.0,0.6420462765312208
EHCO,153.0,50.0,0.6367319573057618
EHCO,155.0,50.0,0.6315137148689878
EHCO,157.0,50.0,0.6263896323629888
EHCO,159.0,50.0,0.621357837513378
EHCO,161.0,52.0,0.6164165013863007
EHCO,163.0,52.0,0.6115638371858428
EHCO,165.0,52.0,0.6067980990903903
EHCO,167.0,54.0,0.6021175811265502
EHCO,169.0,54.0,0.5975206170538229
EHCO,171.0,54.0,0.5930055841520447
EHCO,173.0,54.0,0.5885708970558083
EHCO,175.0,57.99999999999999,0.5842150056719386
EHCO,177.0,60.0,0.5799363942407406
EHCO,179.0,60.0,0.5757335804267202
EHCO,181.0,60.0,0.5716051144377418
EHCO,183.0,60.0,0.5675495781716282
EHCO,185.0,62.0,0.5635655843892435
EHCO,187.0,62.0,0.5596517759131339
EHCO,189.0,64.0,0.5558068248508402
EHCO,191.0,64.0,0.5520294318420256
EHCO,193.0,64.0,0.5483183253285913
EHCO,195.0,64.0,0.5446722608469907
EHCO,197.0,64.0,0.5410900203419752
EHCO,199.0,64.0,0.537570411501035
EHCO,201.0,66.0,0.5341122671088286
EHCO,203.0,66.0,0.5307144444209149
EHCO,205.0,66.0,0.5273758245561325
EHCO,207.0,66.0,0.5240953119069915
EHCO,209.0,66.0,0.5208719878116296
EHCO,211.0,66.0,0.5177048414755018
EHCO,213.0,68.0,0.5146287865078802
EHCO,215.0,68.0,0.5117468497724463
EHCO,217.0,70.0,0.5090505965155113
EHCO,219.0,70.0,0.5065319319325541
EHCO,221.0,70.0,0.504183087732026
EHCO,223.0,70.0,0.5019966092273614
EHCO,225.0,70.0,0.4999653429364589
EHCO,227.0,72.0,0.4980824246687131
EHCO,229.0,72.0,0.49634126808046036
EHCO,231.0,72.0,0.49473555368044825
EHCO,233.0,76.0,0.4932592182676646
EHCO,235.0,78.0,0.4919064447845527
EHCO,237.0,80.0,0.490671652569305
EHCO,239.0,80.0,0.4895494879915699
EHCO,241.0,80.0,0.48853481545651706
EHCO,243.0,80.0,0.48762270876280156
EHCO,245.0,82.0,0.48680844280053137
EHCO,247.0,82.0,0.4860874855758895
EHCO,249.0,84.0,0.48545549054958514
EHCO,251.0,84.0,0.4849082892768128
EHCO,253.0,84.0,0.48444188433687957
EHCO,255.0,86.0,0.4840524425411274
EHCO,257.0,86.0,0.4837362884082224
EHCO,259.0,86.0,0.4833768149502916
EHCO,261.0,86.0,0.4829399087241099
EHCO,263.0,86.0,0.4824301203386259
EHCO,265.0,86.0,0.48185179687669627
EHCO,267.0,86.0,0.4812090902926952
EHCO,269.0,86.0,0.48050596547385616
EHCO,271.0,86.0,0.47974620797864925
EHCO,273.0,88.0,0.478933431464977
EHCO,275.0,88.0,0.4780710848204643
EHCO,277.0,88.0,0.4771624590066382
EHCO,279.0,88.0,0.47621069362832597
EHCO,281.0,90.0,0.475218783239156
EHCO,283.0,90.0,0.4741895833936158
EHCO,285.0,90.0,0.47312581645570967
EHCO,287.0,92.0,0.4720300771738648
EHCO,289.0,92.0,0.4709048380313512
EHCO,291.0,92.0,0.4697524543811191
EHCO,293.0,92.0,0.4685751693736046
EHCO,295.0,94.0,0.4673751186857167
EHCO,297.0,94.0,0.46615433505889864
EHCO,299.0,94.0,0.46491475265384075
EHCO,301.0,94.0,0.4636582112291264
EHCO,303.0,94.0,0.4623864601508045
EHCO,305.0,94.0,0.4611011622396063
EHCO,307.0,94.0,0.45980389746225964
EHCO,309.0,94.0,0.4584961664730981
EHCO,311.0,94.0,0.45717939401191976
EHCO,313.0,94.0,0.4558549321638142
EHCO,315.0,94.0,0.45452406348645014
EHCO,317.0,94.0,0.45318800401010173
EHCO,319.0,96.0,0.4518479061154802
EHCO,321.0,96.0,0.4505048612942397
EHCO,323.0,98.0,0.44915990279683293
EHCO,325.0,98.0,0.4478140081722081
EHCO,327.0,98.0,0.4464681017036605
EHCO,329.0,98.0,0.44512305674498315
EHCO,331.0,98.0,0.44377969796089484
EHCO,333.0,98.0,0.4424388034755697
A*-GA,1.0,0.0,0.9372676697833348
A*-GA,3.0,0.0,0.9386340595578245
A*-GA,5.0,0.0,0.9398576018269296
A*-GA,7.0,0.0,0.9409453699059092
A*-GA,9.0,0.0,0.9419041353376866
A*-GA,11.0,0.0,0.9427403801327533
A*-GA,13.0,0.0,0.9434603085222707
A*-GA,15.0,0.0,0.9440698582435735
A*-GA,17.0,0.0,0.9445747113765276
A*-GA,19.0,0.0,0.9449684727700656
A*-GA,21.0,0.0,0.9451326693088459
A*-GA,23.0,0.0,0.945079840186497
A*-GA,25.0,0.0,0.9448219742845482
A*-GA,27.0,0.0,0.9443705327263594
A*-GA,29.0,0.0,0.9437364705303121
A*-GA,31.0,0.0,0.9429302573978567
A*-GA,33.0,0.0,0.9419618976706193
A*-GA,35.0,0.0,0.940840949489416
A*-GA,37.0,0.0,0.939576543186739
A*-GA,39.0,2.0,0.9381773989430293
A*-GA,41.0,2.0,0.9366518437358606
A*-GA,43.0,2.0,0.9350078276100131
A*-GA,45.0,2.0,0.9332529392953102
A*-GA,47.0,2.0,0.9313944211980411
A*-GA,49.0,2.0,0.9294391837907646
A*-GA,51.0,2.0,0.9273938194243235
A*-GA,53.0,2.0,0.9252646155849527
A*-GA,55.0,2.0,0.9230575676184662
A*-GA,57.0,2.0,0.9207783909426442
A*-GA,59.0,4.0,0.918432532768103
A*-GA,61.0,4.0,0.9160251833471382
A*-GA,63.0,4.0,0.9135612867692602
A*-GA,65.0,6.0,0.9110886155091872
A*-GA,67.0,12.0,0.9087363514795171
A*-GA,69.0,12.0,0.9064995960531784
A*-GA,71.0,14.000000000000002,0.9043648388775293
A*-GA,73.0,16.0,0.9023022249946879
A*-GA,75.0,16.0,0.9003091103744086
A*-GA,77.0,18.0,0.8983829516346387
A*-GA,79.0,20.0,0.896503699684222
A*-GA,81.0,20.0,0.8945514184499589
A*-GA,83.0,20.0,0.8925313928103329
A*-GA,85.0,20.0,0.8904486603208197
A*-GA,87.0,20.0,0.8883080215774306
A*-GA,89.0,20.0,0.8816457555522932
A*-GA,91.0,20.0,0.8706982323877654
A*-GA,93.0,20.0,0.8600056858307172
A*-GA,95.0,20.0,0.8495609916673996
A*-GA,97.0,22.0,0.8393572575886292
A*-GA,99.0,22.0,0.8293878148785963
A*-GA,101.0,22.0,0.8196462104167225
A*-GA,103.0,22.0,0.8101261989805009
A*-GA,105.0,24.0,0.8008217358377222
A*-GA,107.0,24.0,0.7917269696169432
A*-GA,109.0,24.0,0.7828362354454851
A*-GA,111.0,24.0,0.7741441345231067
A*-GA,113.0,24.0,0.7656456071476736
A*-GA,115.0,26.0,0.7573354960376063
A*-GA,117.0,26.0,0.7492085491294488
A*-GA,119.0,26.0,0.7412598531466923
A*-GA,121.0,26.0,0.7334847330781538
A*-GA,123.0,28.000000000000004,0.7258786590035633
A*-GA,125.0,28.000000000000004,0.7184372410348658
A*-GA,127.0,28.000000000000004,0.7111562244455104
A*-GA,129.0,30.0,0.704031484980523
A*-GA,131.0,30.0,0.6970590243404413
A*-GA,133.0,32.0,0.6902349658324595
A*-GA,135.0,34.0,0.683555550182386
A*-GA,137.0,34.0,0.6770171315012687
A*-GA,139.0,36.0,0.6706161734007795
A*-GA,141.0,36.0,0.6643492452516768
A*-GA,143.0,36.0,0.6582130185798901
A*-GA,145.0,36.0,0.6522042635949763
A*-GA,147.0,36.0,0.6463198458459054
A*-GA,149.0,36.0,0.6405567229993266
A*-GA,151.0,36.0,0.6349119417356537
A*-GA,153.0,36.0,0.6293826347584888
A*-GA,155.0,38.0,0.6239660179130793
A*-GA,157.0,38.0,0.6186593874096649
A*-GA,159.0,38.0,0.613460117216273
A*-GA,161.0,40.0,0.6083656605177412
A*-GA,163.0,44.0,0.6033735466105145
A*-GA,165.0,46.0,0.5984813745910923
A*-GA,167.0,46.0,0.5936868110661263
A*-GA,169.0,46.0,0.5889875879449391
A*-GA,171.0,46.0,0.5843815003113553
A*-GA,173.0,46.0,0.5798664043718521
A*-GA,175.0,46.0,0.5754402154771548
A*-GA,177.0,46.0,0.571100906214512
A*-GA,179.0,46.0,0.5668465045679923
A*-GA,181.0,46.0,0.5626750921442483
A*-GA,183.0,46.0,0.558584802461287
A*-GA,185.0,46.0,0.5545738192978881
A*-GA,187.0,46.0,0.5506403751013945
A*-GA,189.0,46.0,0.5467828088891116
A*-GA,191.0,48.0,0.5429996164216515
A*-GA,193.0,52.0,0.5392891520326469
A*-GA,195.0,52.0,0.5356496486248302
A*-GA,197.0,52.0,0.5320795033667097
A*-GA,199.0,52.0,0.5285772111152204
A*-GA,201.0,52.0,0.5251413056789549
A*-GA,203.0,56.00000000000001,0.5217703586222366
A*-GA,205.0,57.99999999999999,0.5184629781106179
A*-GA,207.0,57.99999999999999,0.5152178077962702
A*-GA,209.0,60.0,0.512033525741791
A*-GA,211.0,60.0,0.5089088433810063
A*-GA,213.0,60.0,0.5058425045154067
A*-GA,215.0,60.0,0.5028332843449006
A*-GA,217.0,60.0,0.4998799885316247
A*-GA,219.0,60.0,0.4969814522955943
A*-GA,221.0,60.0,0.4941365395410283
A*-GA,223.0,60.0,0.4913441420122219
A*-GA,225.0,62.0,0.4886031784778878
A*-GA,227.0,62.0,0.4859125939429255
A*-GA,229.0,64.0,0.48327135888661754
A*-GA,231.0,64.0,0.48067846852629137
A*-GA,233.0,64.0,0.47813294210552
A*-GA,235.0,64.0,0.475633822205971
A*-GA,237.0,66.0,0.473180174082047
A*-GA,239.0,68.0,0.47077108501749243
A*-GA,241.0,68.0,0.4684056637031742
A*-GA,243.0,68.0,0.4660830396352713
A*-GA,245.0,68.0,0.4638023625331406
A*-GA,247.0,70.0,0.46156280177615033
A*-GA,249.0,70.0,0.4593635458588025
A*-GA,251.0,70.0,0.45720380186348863
A*-GA,253.0,70.0,0.4550827949502496
A*-GA,255.0,70.0,0.45299976786293233
A*-GA,257.0,72.0,0.4509539804511616
A*-GA,259.0,72.0,0.44894470920756346
A*-GA,261.0,74.0,0.44697124665087723
A*-GA,263.0,74.0,0.4450328990377904
A*-GA,265.0,74.0,0.44312898690484964
A*-GA,267.0,74.0,0.44125884590542325
A*-GA,269.0,74.0,0.4394218264073847
A*-GA,271.0,74.0,0.4376172931034261
A*-GA,273.0,74.0,0.4358446246335589
A*-GA,275.0,76.0,0.4341032132193753
A*-GA,277.0,78.0,0.4323924643096586
A*-GA,279.0,80.0,0.43071179623694766
A*-GA,281.0,80.0,0.4290606398846738
A*-GA,283.0,80.0,0.42743843836450357
A*-GA,285.0,80.0,0.4258446467035347
A*-GA,287.0,82.0,0.4242787315410041
A*-GA,289.0,82.0,0.4227401708341807
A*-GA,291.0,84.0,0.42122845357312855
A*-GA,293.0,84.0,0.4197430795040344
A*-GA,295.0,84.0,0.4182835588608092
A*-GA,297.0,84.0,0.4168494121046803
A*-GA,299.0,84.0,0.41544016967150305
A*-GA,301.0,84.0,0.41405537172653073
A*-GA,303.0,84.0,0.41269456792639014
A*-GA,305.0,84.0,0.4113573171880206
A*-GA,307.0,88.0,0.41004318746434193
A*-GA,309.0,88.0,0.4087517555264266
A*-GA,311.0,92.0,0.40748260675195863
A*-GA,313.0,96.0,0.40623533491976943
A*-GA,315.0,96.0,0.40500954201024975
A*-GA,317.0,96.0,0.40380483801144285
A*-GA,319.0,96.0,0.40262084073063154
A*-GA,321.0,96.0,0.40145717561123856
A*-GA,323.0,96.0,0.40031347555486635
A*-GA,325.0,96.0,0.3991893807483079
A*-GA,327.0,96.0,0.3980845384953676
A*-GA,329.0,96.0,0.3969986030533356
A*-GA,331.0,96.0,0.39593123547396486
A*-GA,333.0,96.0,0.39488210344880725
A*-GA,335.0,96.0,0.3938508811587669
A*-GA,337.0,96.0,0.39283724912773743
A*-GA,339.0,96.0,0.39184089408019235
A*-GA,341.0,96.0,0.3908615088026027
A*-GA,343.0,96.0,0.389898792008562
A*-GA,345.0,96.0,0.3889524482075001
A*-GA,347.0,96.0,0.38802218757687473
A*-GA,349.0,96.0,0.3871077258377312
A*-GA,351.0,96.0,0.38620878413352516
A*-GA,353.0,96.0,0.3853250889121082
A*-GA,355.0,96.0,0.3844563718107768
A*-GA,357.0,96.0,0.38360236954429217
A*-GA,359.0,96.0,0.3827628237957786
A*-GA,361.0,96.0,0.381937481110413
A*-GA,363.0,96.0,0.38112609279182036
A*-GA,365.0,96.0,0.38032841480109403
A*-GA,367.0,96.0,0.37954420765836006
A*-GA,369.0,96.0,0.37877323634681115
A*-GA,371.0,96.0,0.3780152702191347
A*-GA,373.0,96.0,0.3772700829062648
A*-GA,375.0,96.0,0.37653745222838847
A*-GA,377.0,96.0,0.37581716010814037
A*-GA,379.0,96.0,0.37510899248592094
A*-GA,381.0,96.0,0.37441273923727636
A*-GA,383.0,96.0,0.37372819409228014
A*-GA,385.0,96.0,0.373055154556858
A*-GA,387.0,96.0,0.3723934218360004
A*-GA,389.0,96.0,0.3717428007588086
A*-GA,391.0,96.0,0.37110309970532096
A*-GA,393.0,96.0,0.3704741305350696
A*-GA,395.0,96.0,0.36985570851731847
A*-GA,397.0,96.0,0.3692476522629345
A*-GA,399.0,96.0,0.36864978365784695
A*-GA,401.0,96.0,0.36806192779805025
A*-GA,403.0,96.0,0.3674839129261073
A*-GA,405.0,96.0,0.3669155703691119
A*-GA,407.0,96.0,0.36635673447806943
A*-GA,409.0,96.0,0.3658072425686587
A*-GA,411.0,96.0,0.36526693486333495
A*-GA,413.0,96.0,0.3647356544347392
A*-GA,415.0,96.0,0.36421324715037845
A*-GA,417.0,96.0,0.3636995616185419
A*-GA,419.0,96.0,0.36319444913542076
A*-GA,421.0,96.0,0.36269776363339956
A*-GA,423.0,96.0,0.36220936163048756
A*-GA,425.0,96.0,0.3617291021808604
A*-GA,427.0,96.0,0.36125684682648335
A*-GA,429.0,96.0,0.36079245954978667
A*-GA,431.0,96.0,0.36033580672736776
A*-GA,433.0,96.0,0.3598867743203788
A*-GA,435.0,96.0,0.35944528370681916
A*-GA,437.0,98.0,0.35901120552656524
A*-GA,439.0,98.0,0.3585843613766095
A*-GA,441.0,98.0,0.3581646116174695
A*-GA,443.0,98.0,0.35775183632009233
A*-GA,445.0,98.0,0.3573459176423859
A*-GA,447.0,98.0,0.3569467397906162
A*-GA,449.0,98.0,0.3565541889816052
A*-GA,451.0,98.0,0.3561681534057069
A*-GA,453.0,98.0,0.3557885231905454
A*-GA,455.0,98.0,0.355415190365494
A*-GA,457.0,98.0,0.3550480488268798
A*-GA,459.0,98.0,0.35468699430389455
A*-GA,461.0,98.0,0.35433192432519606
A*-GA,463.0,98.0,0.35398273818618353
A*-GA,465.0,98.0,0.3536393369169303
A*-GA,467.0,98.0,0.3533016232507595
A*-GA,469.0,98.0,0.35296950159344687
A*-GA,471.0,98.0,0.35264287799303645
A*-GA,473.0,98.0,0.35232166011025456
A*-GA,475.0,98.0,0.3520057571895092
A*-GA,477.0,98.0,0.3516950800304603
A*-GA,479.0,98.0,0.3513895409601482
A*-GA,481.0,98.0,0.3510890538056683
A*-GA,483.0,98.0,0.35079353386737844
A*-GA,485.0,98.0,0.35050289789262784
A*-GA,487.0,98.0,0.3502170640499954
A*-GA,489.0,98.0,0.3499359519040264
A*-GA,491.0,98.0,0.3496594823904557
A*-GA,493.0,98.0,0.3493875777919085
A*-GA,495.0,98.0,0.34912016171406557
A*-GA,497.0,98.0,0.348857159062285
A*-GA,499.0,98.0,0.34859849601866905
A*-GA,501.0,98.0,0.34834410001956756
A*-GA,503.0,98.0,0.34809389973350724
A*-GA,505.0,98.0,0.34784782503953876
A*-GA,507.0,98.0,0.34760580700599225
A*-GA,509.0,98.0,0.3473677778696321
A*-GA,511.0,98.0,0.3471336710152029
A*-GA,513.0,98.0,0.34690342095535903
A*-GA,515.0,98.0,0.34667696331096776
A*-GA,517.0,98.0,0.34645423479178017
A*-GA,519.0,98.0,0.34623517317746094
A*-GA,521.0,98.0,0.3460197172989698
A*-GA,523.0,98.0,0.3458078070202875
A*-GA,525.0,98.0,0.345599383220479
A*-GA,527.0,98.0,0.3453943877760869
A*-GA,529.0,98.0,0.3451927635438484
A*-GA,531.0,98.0,0.34499445434372944
A*-GA,533.0,98.0,0.34479940494226846
A*-GA,535.0,98.0,0.3446075610362255
A*-GA,537.0,98.0,0.34441886923652815
A*-GA,539.0,98.0,0.34423327705251017
A*-GA,541.0,98.0,0.34405073287643584
A*-GA,543.0,98.0,0.3438711859683048
A*-GA,545.0,98.0,0.34369458644093165
A*-GA,547.0,98.0,0.3435208852452946
A*-GA,549.0,98.0,0.3433500341561486
A*-GA,551.0,98.0,0.34318198575789666
A*-GA,553.0,98.0,0.34301669343071495
A*-GA,555.0,98.0,0.34285411133692684
A*-GA,557.0,98.0,0.3426941944076204
A*-GA,559.0,98.0,0.34253689832950496
A*-GA,561.0,98.0,0.3423821795320023
A*-GA,563.0,98.0,0.34222999517456715
A*-GA,565.0,98.0,0.3420803031342339
A*-GA,567.0,98.0,0.34193306199338347
A*-GA,569.0,98.0,0.34178823102772754
A*-GA,571.0,98.0,0.3416457701945051
A*-GA,573.0,98.0,0.34150569148649224
A*-GA,575.0,98.0,0.3413679710685703
