config,arm,metric,mean,std,n
W1,full,f1,555.3,138.83925902547628,30
W1,full,f2_full,4358.088707067046,842.1000273355133,30
W1,full,share_low,0.26999999999999996,0.1295882072114429,30
W1,full,gini_delta_h,0.41210247859335636,0.07053428910702973,30
W1,full,delta_h_low_mean,-0.2140298504739053,0.07754006641559005,30
W1,full,delta_h_max,0.21665126845265936,0.05191066448275416,30
W1,full,h_end_min_lowgrp,0.45421248252084784,0.18342085083425338,30
W1,hard,f1,561.8777777777777,35.60817885011409,30
W1,hard,f2_full,5429.553611558979,280.8834592926488,30
W1,hard,share_low,0.0,0.0,30
W1,hard,gini_delta_h,0.6414897178035337,0.04321327031969078,30
W1,hard,delta_h_low_mean,0.0,0.0,30
W1,hard,delta_h_max,0.23873871204198419,0.04231867732927076,30
W1,hard,h_end_min_lowgrp,0.34747163153753285,0.04339137955179927,30
W1,nohealth,f1,334.3444444444444,37.866622483920054,30
W1,nohealth,f2_full,2827.905797382438,185.0397625374317,30
W1,nohealth,share_low,0.5073333333333333,0.042502197373891104,30
W1,nohealth,gini_delta_h,0.34558350633690343,0.06927018058818721,30
W1,nohealth,delta_h_low_mean,-0.3113718446424655,0.03640889520109706,30
W1,nohealth,delta_h_max,0.17956152180950777,0.04593081583697621,30
W1,nohealth,h_end_min_lowgrp,0.7397405800339844,0.011855393972617896,30
W2,full,f1,555.3,138.83925902547628,30
W2,full,f2_full,4358.088707067046,842.1000273355133,30
W2,full,share_low,0.26999999999999996,0.1295882072114429,30
W2,full,gini_delta_h,0.4136189928163162,0.07117015870362522,30
W2,full,delta_h_low_mean,-0.21343790385097378,0.07787508720796527,30
W2,full,delta_h_max,0.21392264580544662,0.05145580708988714,30
W2,full,h_end_min_lowgrp,0.4545559183949488,0.1840142659250048,30
W2,hard,f1,561.8777777777777,35.60817885011409,30
W2,hard,f2_full,5429.553611558979,280.8834592926488,30
W2,hard,share_low,0.0,0.0,30
W2,hard,gini_delta_h,0.6446994814428532,0.04399256470684204,30
W2,hard,delta_h_low_mean,0.0,0.0,30
W2,hard,delta_h_max,0.2350471690149339,0.04223653194273051,30
W2,hard,h_end_min_lowgrp,0.34747163153753285,0.04339137955179927,30
W2,nohealth,f1,334.3444444444444,37.866622483920054,30
W2,nohealth,f2_full,2827.905797382438,185.0397625374317,30
W2,nohealth,share_low,0.5073333333333333,0.042502197373891104,30
W2,nohealth,gini_delta_h,0.34722104823853756,0.06893802472819216,30
W2,nohealth,delta_h_low_mean,-0.3127466600907158,0.0362571701895282,30
W2,nohealth,delta_h_max,0.17804208244233752,0.0455993867075508,30
W2,nohealth,h_end_min_lowgrp,0.7422400551034862,0.011310279470602152,30
W3,full,f1,555.3,138.83925902547628,30
W3,full,f2_full,4358.088707067046,842.1000273355133,30
W3,full,share_low,0.26999999999999996,0.1295882072114429,30
W3,full,gini_delta_h,0.32336832021160117,0.08949325507516806,30
W3,full,delta_h_low_mean,-0.16968343816134387,0.06293561478503663,30
W3,full,delta_h_max,0.32050729569170566,0.056303411729994736,30
W3,full,h_end_min_lowgrp,0.4319866561479502,0.1471246647523547,30
W3,hard,f1,561.8777777777777,35.60817885011409,30
W3,hard,f2_full,5429.553611558979,280.8834592926488,30
W3,hard,share_low,0.0,0.0,30
W3,hard,gini_delta_h,0.578919725011611,0.024141588902533408,30
W3,hard,delta_h_low_mean,0.0,0.0,30
W3,hard,delta_h_max,0.3513401090094111,0.04350837231086823,30
W3,hard,h_end_min_lowgrp,0.34747163153753285,0.04339137955179927,30
W3,nohealth,f1,334.3444444444444,37.866622483920054,30
W3,nohealth,f2_full,2827.905797382438,185.0397625374317,30
W3,nohealth,share_low,0.5073333333333333,0.042502197373891104,30
W3,nohealth,gini_delta_h,0.2424768135118904,0.0561359317664715,30
W3,nohealth,delta_h_low_mean,-0.2227922103705092,0.038020716614242105,30
W3,nohealth,delta_h_max,0.2703027629160413,0.049726941723941376,30
W3,nohealth,h_end_min_lowgrp,0.6400414594556169,0.017248987467329016,30
W4,full,f1,555.3,138.83925902547628,30
W4,full,f2_full,4358.088707067046,842.1000273355133,30
W4,full,share_low,0.26999999999999996,0.1295882072114429,30
W4,full,gini_delta_h,0.47107411518663506,0.07780623209094123,30
W4,full,delta_h_low_mean,-0.24359412534894626,0.08973644005224067,30
W4,full,delta_h_max,0.1477754844628115,0.0488337504991047,30
W4,full,h_end_min_lowgrp,0.4690253668438725,0.2085111233376017,30
W4,hard,f1,561.8777777777777,35.60817885011409,30
W4,hard,f2_full,5429.553611558979,280.8834592926488,30
W4,hard,share_low,0.0,0.0,30
W4,hard,gini_delta_h,0.660380934901738,0.04261350472482337,30
W4,hard,delta_h_low_mean,0.0,0.0,30
W4,hard,delta_h_max,0.16375605785333266,0.04181530235830602,30
W4,hard,h_end_min_lowgrp,0.34747163153753285,0.04339137955179927,30
W4,nohealth,f1,334.3444444444444,37.866622483920054,30
W4,nohealth,f2_full,2827.905797382438,185.0397625374317,30
W4,nohealth,share_low,0.5073333333333333,0.042502197373891104,30
W4,nohealth,gini_delta_h,0.39834482969737894,0.051215586534571964,30
W4,nohealth,delta_h_low_mean,-0.3704249341571029,0.03557434859058001,30
W4,nohealth,delta_h_max,0.11995928094752821,0.044133003210937265,30
W4,nohealth,h_end_min_lowgrp,0.8046284934103878,0.014203534079594344,30
D01,full,f1,555.3,138.83925902547628,30
D01,full,f2_full,4358.088707067046,842.1000273355133,30
D01,full,share_low,0.26999999999999996,0.1295882072114429,30
D01,full,gini_delta_h,0.47757455501135454,0.0765368453350204,30
D01,full,delta_h_low_mean,-0.24691205294810553,0.09274261220128559,30
D01,full,delta_h_max,0.13174784616563423,0.047578995621786545,30
D01,full,h_end_min_lowgrp,0.47197605213206645,0.21368176896759003,30
D01,hard,f1,561.8777777777777,35.60817885011409,30
D01,hard,f2_full,5429.553611558979,280.8834592926488,30
D01,hard,share_low,0.0,0.0,30
D01,hard,gini_delta_h,0.6471317428762607,0.043488746073427766,30
D01,hard,delta_h_low_mean,0.0,0.0,30
D01,hard,delta_h_max,0.145097573698203,0.04177546642006133,30
D01,hard,h_end_min_lowgrp,0.34747163153753285,0.04339137955179927,30
D01,nohealth,f1,334.3444444444444,37.866622483920054,30
D01,nohealth,f2_full,2827.905797382438,185.0397625374317,30
D01,nohealth,share_low,0.5073333333333333,0.042502197373891104,30
D01,nohealth,gini_delta_h,0.40388244113101207,0.04830494395780515,30
D01,nohealth,delta_h_low_mean,-0.3822180866314735,0.03522895733978376,30
D01,nohealth,delta_h_max,0.10826456189794267,0.04367849760707974,30
D01,nohealth,h_end_min_lowgrp,0.8189895931828804,0.017020723102296697,30
D02,full,f1,555.3,138.83925902547628,30
D02,full,f2_full,4358.088707067046,842.1000273355133,30
D02,full,share_low,0.26999999999999996,0.1295882072114429,30
D02,full,gini_delta_h,0.4928552904151469,0.08389498974620446,30
D02,full,delta_h_low_mean,-0.2845440084616719,0.11215693817867507,30
D02,full,delta_h_max,0.04007861980516439,0.03826133225078411,30
D02,full,h_end_min_lowgrp,0.491968451149792,0.2485657296979715,30
D02,hard,f1,561.8777777777777,35.60817885011409,30
D02,hard,f2_full,5429.553611558979,280.8834592926488,30
D02,hard,share_low,0.0,0.0,30
D02,hard,gini_delta_h,0.6658473630582106,0.06002320204667376,30
D02,hard,delta_h_low_mean,0.0,0.0,30
D02,hard,delta_h_max,0.045794676972732734,0.030938568358018326,30
D02,hard,h_end_min_lowgrp,0.34747163153753285,0.04339137955179927,30
D02,nohealth,f1,334.3444444444444,37.866622483920054,30
D02,nohealth,f2_full,2827.905797382438,185.0397625374317,30
D02,nohealth,share_low,0.5073333333333333,0.042502197373891104,30
D02,nohealth,gini_delta_h,0.4060732586537693,0.035527379707940954,30
D02,nohealth,delta_h_low_mean,-0.462379840071887,0.03444566162989794,30
D02,nohealth,delta_h_max,0.03071053751849033,0.041446707513740584,30
D02,nohealth,h_end_min_lowgrp,0.9038225411821148,0.03126458548831522,30
D03,full,f1,555.3,138.83925902547628,30
D03,full,f2_full,4358.088707067046,842.1000273355133,30
D03,full,share_low,0.26999999999999996,0.1295882072114429,30
D03,full,gini_delta_h,0.4600836369217036,0.07826034439004663,30
D03,full,delta_h_low_mean,-0.23167868635493988,0.08755821305867047,30
D03,full,delta_h_max,0.15879869433829358,0.048096620508026565,30
D03,full,h_end_min_lowgrp,0.4656658845695404,0.2029651606222004,30
D03,hard,f1,561.8777777777777,35.60817885011409,30
D03,hard,f2_full,5429.553611558979,280.8834592926488,30
D03,hard,share_low,0.0,0.0,30
D03,hard,gini_delta_h,0.665745116182981,0.04743514067818193,30
D03,hard,delta_h_low_mean,0.0,0.0,30
D03,hard,delta_h_max,0.17302775557074654,0.04182158636005766,30
D03,hard,h_end_min_lowgrp,0.34747163153753285,0.04339137955179927,30
D03,nohealth,f1,334.3444444444444,37.866622483920054,30
D03,nohealth,f2_full,2827.905797382438,185.0397625374317,30
D03,nohealth,share_low,0.5073333333333333,0.042502197373891104,30
D03,nohealth,gini_delta_h,0.3889044880819622,0.054398285571823086,30
D03,nohealth,delta_h_low_mean,-0.3570434037507571,0.03530564311513848,30
D03,nohealth,delta_h_max,0.13341749923930918,0.04383590065618568,30
D03,nohealth,h_end_min_lowgrp,0.7930970510765538,0.015014940909394646,30
D04,full,f1,555.3,138.83925902547628,30
D04,full,f2_full,4358.088707067046,842.1000273355133,30
D04,full,share_low,0.26999999999999996,0.1295882072114429,30
D04,full,gini_delta_h,0.4786568956364051,0.07702609857875338,30
D04,full,delta_h_low_mean,-0.24358214037027096,0.09447127470974546,30
D04,full,delta_h_max,0.12339761737623706,0.04610895116315919,30
D04,full,h_end_min_lowgrp,0.47284419710153,0.2154314936629778,30
D04,hard,f1,561.8777777777777,35.60817885011409,30
D04,hard,f2_full,5429.553611558979,280.8834592926488,30
D04,hard,share_low,0.0,0.0,30
D04,hard,gini_delta_h,0.6417246403045538,0.04801056531561215,30
D04,hard,delta_h_low_mean,0.0,0.0,30
D04,hard,delta_h_max,0.13328088440501157,0.04180068698916719,30
D04,hard,h_end_min_lowgrp,0.34747163153753285,0.04339137955179927,30
D04,nohealth,f1,334.3444444444444,37.866622483920054,30
D04,nohealth,f2_full,2827.905797382438,185.0397625374317,30
D04,nohealth,share_low,0.5073333333333333,0.042502197373891104,30
D04,nohealth,gini_delta_h,0.40501205536480306,0.04683428880918076,30
D04,nohealth,delta_h_low_mean,-0.3857098114398825,0.03483469918182103,30
D04,nohealth,delta_h_max,0.10548088759066312,0.04269100255822924,30
D04,nohealth,h_end_min_lowgrp,0.8256738415897396,0.020546241710527307,30
D05,full,f1,555.3,138.83925902547628,30
D05,full,f2_full,4358.088707067046,842.1000273355133,30
D05,full,share_low,0.26999999999999996,0.1295882072114429,30
D05,full,gini_delta_h,0.4835376854238534,0.0953164452089764,30
D05,full,delta_h_low_mean,-0.3021912948784818,0.11898241584027953,30
D05,full,delta_h_max,0.011526238832666588,0.03437089816461134,30
D05,full,h_end_min_lowgrp,0.49939625418723527,0.2614175238247089,30
D05,hard,f1,561.8777777777777,35.60817885011409,30
D05,hard,f2_full,5429.553611558979,280.8834592926488,30
D05,hard,share_low,0.0,0.0,30
D05,hard,gini_delta_h,0.6789791973692069,0.06083398960393759,30
D05,hard,delta_h_low_mean,0.0,0.0,30
D05,hard,delta_h_max,0.019717656590315862,0.02018127903338989,30
D05,hard,h_end_min_lowgrp,0.34747163153753285,0.04339137955179927,30
D05,nohealth,f1,334.3444444444444,37.866622483920054,30
D05,nohealth,f2_full,2827.905797382438,185.0397625374317,30
D05,nohealth,share_low,0.5073333333333333,0.042502197373891104,30
D05,nohealth,gini_delta_h,0.39397789955516954,0.04388833416652246,30
D05,nohealth,delta_h_low_mean,-0.4927684517365448,0.034414040724410844,30
D05,nohealth,delta_h_max,0.0013051962477463727,0.04136708715376449,30
D05,nohealth,h_end_min_lowgrp,0.9324920231808062,0.03450142022892817,30
D06,full,f1,555.3,138.83925902547628,30
D06,full,f2_full,4358.088707067046,842.1000273355133,30
D06,full,share_low,0.26999999999999996,0.1295882072114429,30
D06,full,gini_delta_h,0.4804740263150568,0.07612830399120034,30
D06,full,delta_h_low_mean,-0.25305889033463763,0.09264592384535587,30
D06,full,delta_h_max,0.1325399286179258,0.04868240654162181,30
D06,full,h_end_min_lowgrp,0.4727009234431165,0.21472404745635995,30
D06,hard,f1,561.8777777777777,35.60817885011409,30
D06,hard,f2_full,5429.553611558979,280.8834592926488,30
D06,hard,share_low,0.0,0.0,30
D06,hard,gini_delta_h,0.6479503627463395,0.04190232478078867,30
D06,hard,delta_h_low_mean,0.0,0.0,30
D06,hard,delta_h_max,0.14835105574243007,0.04179087865420526,30
D06,hard,h_end_min_lowgrp,0.34747163153753285,0.04339137955179927,30
D06,nohealth,f1,334.3444444444444,37.866622483920054,30
D06,nohealth,f2_full,2827.905797382438,185.0397625374317,30
D06,nohealth,share_low,0.5073333333333333,0.042502197373891104,30
D06,nohealth,gini_delta_h,0.4046986171789528,0.047714005964591986,30
D06,nohealth,delta_h_low_mean,-0.38508801825715094,0.03557311574274429,30
D06,nohealth,delta_h_max,0.10526608106719995,0.04407119848319782,30
D06,nohealth,h_end_min_lowgrp,0.8193636623143508,0.014984654264999463,30
D07,full,f1,555.3,138.83925902547628,30
D07,full,f2_full,4358.088707067046,842.1000273355133,30
D07,full,share_low,0.26999999999999996,0.1295882072114429,30
D07,full,gini_delta_h,0.32162001901112386,0.09969188788269141,30
D07,full,delta_h_low_mean,-0.1559269463329821,0.05977369748264487,30
D07,full,delta_h_max,0.35502539401420796,0.05782862360248735,30
D07,full,h_end_min_lowgrp,0.4247636119789917,0.1358936287391529,30
D07,hard,f1,561.8777777777777,35.60817885011409,30
D07,hard,f2_full,5429.553611558979,280.8834592926488,30
D07,hard,share_low,0.0,0.0,30
D07,hard,gini_delta_h,0.568909344800139,0.021192357323294983,30
D07,hard,delta_h_low_mean,0.0,0.0,30
D07,hard,delta_h_max,0.38886571772334194,0.044015325532236665,30
D07,hard,h_end_min_lowgrp,0.34747163153753285,0.04339137955179927,30
D07,nohealth,f1,334.3444444444444,37.866622483920054,30
D07,nohealth,f2_full,2827.905797382438,185.0397625374317,30
D07,nohealth,share_low,0.5073333333333333,0.042502197373891104,30
D07,nohealth,gini_delta_h,0.23809075367371146,0.05543223284300901,30
D07,nohealth,delta_h_low_mean,-0.19407129636086234,0.03871278815388994,30
D07,nohealth,delta_h_max,0.3003552330716022,0.05075368158414263,30
D07,nohealth,h_end_min_lowgrp,0.6072517068939429,0.019222418856815478,30
D08,full,f1,555.3,138.83925902547628,30
D08,full,f2_full,4358.088707067046,842.1000273355133,30
D08,full,share_low,0.26999999999999996,0.1295882072114429,30
D08,full,gini_delta_h,0.39930640628877934,0.06988361658998435,30
D08,full,delta_h_low_mean,-0.2103265008219883,0.07547471864386057,30
D08,full,delta_h_max,0.23051235351727087,0.05299307218152874,30
D08,full,h_end_min_lowgrp,0.4515408766121923,0.17894879325456733,30
D08,hard,f1,561.8777777777777,35.60817885011409,30
D08,hard,f2_full,5429.553611558979,280.8834592926488,30
D08,hard,share_low,0.0,0.0,30
D08,hard,gini_delta_h,0.6284311204843551,0.040409967687145505,30
D08,hard,delta_h_low_mean,0.0,0.0,30
D08,hard,delta_h_max,0.25476010376598757,0.04253526317903008,30
D08,hard,h_end_min_lowgrp,0.34747163153753285,0.04339137955179927,30
D08,nohealth,f1,334.3444444444444,37.866622483920054,30
D08,nohealth,f2_full,2827.905797382438,185.0397625374317,30
D08,nohealth,share_low,0.5073333333333333,0.042502197373891104,30
D08,nohealth,gini_delta_h,0.33269107786688423,0.07014519191765999,30
D08,nohealth,delta_h_low_mean,-0.3007165894027679,0.03675602320567093,30
D08,nohealth,delta_h_max,0.190579515799532,0.04676249826372764,30
D08,nohealth,h_end_min_lowgrp,0.7265348686123275,0.013091973013870353,30
D09,full,f1,555.3,138.83925902547628,30
D09,full,f2_full,4358.088707067046,842.1000273355133,30
D09,full,share_low,0.26999999999999996,0.1295882072114429,30
D09,full,gini_delta_h,0.3229601436793898,0.1008865701650162,30
D09,full,delta_h_low_mean,-0.15386229164133605,0.05968276488890356,30
D09,full,delta_h_max,0.37010623571162454,0.05913909401955637,30
D09,full,h_end_min_lowgrp,0.42220914101940576,0.13225851491305501,30
D09,hard,f1,561.8777777777777,35.60817885011409,30
D09,hard,f2_full,5429.553611558979,280.8834592926488,30
D09,hard,share_low,0.0,0.0,30
D09,hard,gini_delta_h,0.5651519860061641,0.02019967954613844,30
D09,hard,delta_h_low_mean,0.0,0.0,30
D09,hard,delta_h_max,0.40664692039001094,0.04451666988357658,30
D09,hard,h_end_min_lowgrp,0.34747163153753285,0.04339137955179927,30
D09,nohealth,f1,334.3444444444444,37.866622483920054,30
D09,nohealth,f2_full,2827.905797382438,185.0397625374317,30
D09,nohealth,share_low,0.5073333333333333,0.042502197373891104,30
D09,nohealth,gini_delta_h,0.24355911249900455,0.059471872790445,30
D09,nohealth,delta_h_low_mean,-0.18380700291647145,0.03937238192758256,30
D09,nohealth,delta_h_max,0.311785490417847,0.05173567928600762,30
D09,nohealth,h_end_min_lowgrp,0.5934130661086279,0.020956123108098114,30
D10,full,f1,555.3,138.83925902547628,30
D10,full,f2_full,4358.088707067046,842.1000273355133,30
D10,full,share_low,0.26999999999999996,0.1295882072114429,30
D10,full,gini_delta_h,0.3259530996603498,0.100574467702378,30
D10,full,delta_h_low_mean,-0.14514822229807312,0.05807546177115227,30
D10,full,delta_h_max,0.3832911160147334,0.05919555774622109,30
D10,full,h_end_min_lowgrp,0.41890660932470764,0.12710068293940494,30
D10,hard,f1,561.8777777777777,35.60817885011409,30
D10,hard,f2_full,5429.553611558979,280.8834592926488,30
D10,hard,share_low,0.0,0.0,30
D10,hard,gini_delta_h,0.5624620772423479,0.019358216352610494,30
D10,hard,delta_h_low_mean,0.0,0.0,30
D10,hard,delta_h_max,0.4197650726175933,0.0445168528393795,30
D10,hard,h_end_min_lowgrp,0.34747163153753285,0.04339137955179927,30
D10,nohealth,f1,334.3444444444444,37.866622483920054,30
D10,nohealth,f2_full,2827.905797382438,185.0397625374317,30
D10,nohealth,share_low,0.5073333333333333,0.042502197373891104,30
D10,nohealth,gini_delta_h,0.2497628952017146,0.06218292139628269,30
D10,nohealth,delta_h_low_mean,-0.17083395987551775,0.03935765874815867,30
D10,nohealth,delta_h_max,0.3247812864944823,0.051724610514095236,30
D10,nohealth,h_end_min_lowgrp,0.5804611915666326,0.02094592212560888,30
D11,full,f1,555.3,138.83925902547628,30
D11,full,f2_full,4358.088707067046,842.1000273355133,30
D11,full,share_low,0.26999999999999996,0.1295882072114429,30
D11,full,gini_delta_h,0.3350257630995379,0.09568955821973837,30
D11,full,delta_h_low_mean,-0.13324239028986834,0.056709726477782794,30
D11,full,delta_h_max,0.41010115246158085,0.06025138678130757,30
D11,full,h_end_min_lowgrp,0.4130887513165724,0.11854270549296114,30
D11,hard,f1,561.8777777777777,35.60817885011409,30
D11,hard,f2_full,5429.553611558979,280.8834592926488,30
D11,hard,share_low,0.0,0.0,30
D11,hard,gini_delta_h,0.5574547643071561,0.017928449080633846,30
D11,hard,delta_h_low_mean,0.0,0.0,30
D11,hard,delta_h_max,0.44848163746268616,0.04491966397207855,30
D11,hard,h_end_min_lowgrp,0.34747163153753285,0.04339137955179927,30
D11,nohealth,f1,334.3444444444444,37.866622483920054,30
D11,nohealth,f2_full,2827.905797382438,185.0397625374317,30
D11,nohealth,share_low,0.5073333333333333,0.042502197373891104,30
D11,nohealth,gini_delta_h,0.2696019938855355,0.06765198759030536,30
D11,nohealth,delta_h_low_mean,-0.14781981379354636,0.03984781213140692,30
D11,nohealth,delta_h_max,0.34876219117443547,0.05238134219745379,30
D11,nohealth,h_end_min_lowgrp,0.5548429825321451,0.02220924877044996,30
D12,full,f1,555.3,138.83925902547628,30
D12,full,f2_full,4358.088707067046,842.1000273355133,30
D12,full,share_low,0.26999999999999996,0.1295882072114429,30
D12,full,gini_delta_h,0.3214750943009938,0.09964249165280371,30
D12,full,delta_h_low_mean,-0.1577140343648276,0.06020458282139783,30
D12,full,delta_h_max,0.3565461276353702,0.058270898098784225,30
D12,full,h_end_min_lowgrp,0.4248130053253928,0.1360984368830939,30
D12,hard,f1,561.8777777777777,35.60817885011409,30
D12,hard,f2_full,5429.553611558979,280.8834592926488,30
D12,hard,share_low,0.0,0.0,30
D12,hard,gini_delta_h,0.5684145112366733,0.021099969994521146,30
D12,hard,delta_h_low_mean,0.0,0.0,30
D12,hard,delta_h_max,0.3913603897040488,0.04418513325542072,30
D12,hard,h_end_min_lowgrp,0.34747163153753285,0.04339137955179927,30
D12,nohealth,f1,334.3444444444444,37.866622483920054,30
D12,nohealth,f2_full,2827.905797382438,185.0397625374317,30
D12,nohealth,share_low,0.5073333333333333,0.042502197373891104,30
D12,nohealth,gini_delta_h,0.23911682684358412,0.05620408227596426,30
D12,nohealth,delta_h_low_mean,-0.19419092988146114,0.03894667987152825,30
D12,nohealth,delta_h_max,0.30064103937044434,0.05109002513232812,30
D12,nohealth,h_end_min_lowgrp,0.6061021770776821,0.019837986474257538,30
D13,full,f1,555.3,138.83925902547628,30
D13,full,f2_full,4358.088707067046,842.1000273355133,30
D13,full,share_low,0.26999999999999996,0.1295882072114429,30
D13,full,gini_delta_h,0.4855114523167425,0.07650533598767625,30
D13,full,delta_h_low_mean,-0.2563281057604689,0.09459127566318064,30
D13,full,delta_h_max,0.1222346710908471,0.04805765383211265,30
D13,full,h_end_min_lowgrp,0.4747548372498416,0.21828716855117253,30
D13,hard,f1,561.8777777777777,35.60817885011409,30
D13,hard,f2_full,5429.553611558979,280.8834592926488,30
D13,hard,share_low,0.0,0.0,30
D13,hard,gini_delta_h,0.6419393942744483,0.04469797465782949,30
D13,hard,delta_h_low_mean,0.0,0.0,30
D13,hard,delta_h_max,0.13677399553383954,0.04176282243600586,30
D13,hard,h_end_min_lowgrp,0.34747163153753285,0.04339137955179927,30
D13,nohealth,f1,334.3444444444444,37.866622483920054,30
D13,nohealth,f2_full,2827.905797382438,185.0397625374317,30
D13,nohealth,share_low,0.5073333333333333,0.042502197373891104,30
D13,nohealth,gini_delta_h,0.4068628423265985,0.04469786550903532,30
D13,nohealth,delta_h_low_mean,-0.3932921035668621,0.0354075209959796,30
D13,nohealth,delta_h_max,0.09707556360711082,0.04382088013978356,30
D13,nohealth,h_end_min_lowgrp,0.8287924627018258,0.016445194809446315,30
D14,full,f1,555.3,138.83925902547628,30
D14,full,f2_full,4358.088707067046,842.1000273355133,30
D14,full,share_low,0.26999999999999996,0.1295882072114429,30
D14,full,gini_delta_h,0.4150615642777132,0.0710064140747831,30
D14,full,delta_h_low_mean,-0.21510469166092727,0.07802939355659562,30
D14,full,delta_h_max,0.21361583669704662,0.051726761099362244,30
D14,full,h_end_min_lowgrp,0.45483398470190495,0.18446436877439407,30
D14,hard,f1,561.8777777777777,35.60817885011409,30
D14,hard,f2_full,5429.553611558979,280.8834592926488,30
D14,hard,share_low,0.0,0.0,30
D14,hard,gini_delta_h,0.6445038682691596,0.04387852015940649,30
D14,hard,delta_h_low_mean,0.0,0.0,30
D14,hard,delta_h_max,0.23533758520892403,0.042284398935238166,30
D14,hard,h_end_min_lowgrp,0.34747163153753285,0.04339137955179927,30
D14,nohealth,f1,334.3444444444444,37.866622483920054,30
D14,nohealth,f2_full,2827.905797382438,185.0397625374317,30
D14,nohealth,share_low,0.5073333333333333,0.042502197373891104,30
D14,nohealth,gini_delta_h,0.348549527876074,0.06872500554185915,30
D14,nohealth,delta_h_low_mean,-0.31384958819023706,0.0363529433448386,30
D14,nohealth,delta_h_max,0.17702129984477205,0.04579806610885431,30
D14,nohealth,h_end_min_lowgrp,0.7426524923478854,0.011644899707007508,30
D15,full,f1,555.3,138.83925902547628,30
D15,full,f2_full,4358.088707067046,842.1000273355133,30
D15,full,share_low,0.26999999999999996,0.1295882072114429,30
D15,full,gini_delta_h,0.491236010553655,0.08606014896923371,30
D15,full,delta_h_low_mean,-0.2892511025583042,0.11378037766053166,30
D15,full,delta_h_max,0.032856770114975384,0.03732442150948576,30
D15,full,h_end_min_lowgrp,0.49385595020077605,0.2518075871461864,30
D15,hard,f1,561.8777777777777,35.60817885011409,30
D15,hard,f2_full,5429.553611558979,280.8834592926488,30
D15,hard,share_low,0.0,0.0,30
D15,hard,gini_delta_h,0.6692624836272787,0.05830837076562357,30
D15,hard,delta_h_low_mean,0.0,0.0,30
D15,hard,delta_h_max,0.03900375673162368,0.028787196638385956,30
D15,hard,h_end_min_lowgrp,0.34747163153753285,0.04339137955179927,30
D15,nohealth,f1,334.3444444444444,37.866622483920054,30
D15,nohealth,f2_full,2827.905797382438,185.0397625374317,30
D15,nohealth,share_low,0.5073333333333333,0.042502197373891104,30
D15,nohealth,gini_delta_h,0.4037785771187296,0.03737690987713649,30
D15,nohealth,delta_h_low_mean,-0.46997296378785075,0.03444856636737259,30
D15,nohealth,delta_h_max,0.023247921375017154,0.04141291213939649,30
D15,nohealth,h_end_min_lowgrp,0.9111693579053003,0.03188905524393672,30
D16,full,f1,555.3,138.83925902547628,30
D16,full,f2_full,4358.088707067046,842.1000273355133,30
D16,full,share_low,0.26999999999999996,0.1295882072114429,30
D16,full,gini_delta_h,0.3368522509081018,0.08001164734141773,30
D16,full,delta_h_low_mean,-0.18124230362611313,0.06613341000291845,30
D16,full,delta_h_max,0.2939448523293883,0.055313452215001564,30
D16,full,h_end_min_lowgrp,0.43768128118890187,0.15622388297193227,30
D16,hard,f1,561.8777777777777,35.60817885011409,30
D16,hard,f2_full,5429.553611558979,280.8834592926488,30
D16,hard,share_low,0.0,0.0,30
D16,hard,gini_delta_h,0.588915751437149,0.027203287108662433,30
D16,hard,delta_h_low_mean,0.0,0.0,30
D16,hard,delta_h_max,0.3227896317100566,0.043168912650046944,30
D16,hard,h_end_min_lowgrp,0.34747163153753285,0.04339137955179927,30
D16,nohealth,f1,334.3444444444444,37.866622483920054,30
D16,nohealth,f2_full,2827.905797382438,185.0397625374317,30
D16,nohealth,share_low,0.5073333333333333,0.042502197373891104,30
D16,nohealth,gini_delta_h,0.2647808757386824,0.06144116298899146,30
D16,nohealth,delta_h_low_mean,-0.24548684582034686,0.03759294365651139,30
D16,nohealth,delta_h_max,0.2468623067097426,0.04887715936830026,30
D16,nohealth,h_end_min_lowgrp,0.6654390821147003,0.015938240276600575,30
