scenario,strategy,seed,instance,t_ev,f1_base,f1_event,deg_pct,timeout,response_ms,replan_evals,warn_t,warn_agv,n_warned,n_agv,event_fired,replan_applied,maint_enter
congestion,agnostic,1,0,150.0,337.0,588.0,74.4807121661721,0,131.68489999952726,4000,None,None,0,10,1,0,
congestion,agnostic,2,0,150.0,307.0,546.0,77.85016286644951,0,121.99820000387263,4000,None,None,0,10,1,1,
congestion,agnostic,3,0,150.0,303.0,528.0,74.25742574257426,0,117.43459999706829,4000,None,None,0,10,1,1,
congestion,agnostic,4,0,150.0,299.0,578.0,93.31103678929766,0,136.68099999631522,4000,None,None,0,10,1,1,
congestion,agnostic,5,0,150.0,321.0,600.0,86.91588785046729,0,132.78970000101253,4000,None,None,0,10,1,1,
congestion,agnostic,6,0,150.0,352.0,602.0,71.02272727272727,0,126.72150000435067,4000,None,None,0,10,1,1,
congestion,agnostic,7,0,150.0,305.0,556.0,82.29508196721311,0,120.09609999950044,4000,None,None,0,10,1,0,
congestion,agnostic,8,0,150.0,347.0,708.0,104.03458213256485,0,127.05849999474594,4000,None,None,0,10,1,0,
congestion,agnostic,9,0,150.0,317.0,641.0,102.20820189274448,0,116.42230000143172,4000,None,None,0,10,1,1,
congestion,agnostic,10,0,150.0,292.0,524.0,79.45205479452055,0,110.86739999882411,4000,None,None,0,10,1,1,
congestion,agnostic,11,0,150.0,454.0,533.0,17.400881057268723,0,120.97849999554455,4000,None,None,0,10,1,1,
congestion,agnostic,12,0,150.0,306.0,613.0,100.32679738562092,0,130.349600003683,4000,None,None,0,10,1,1,
congestion,agnostic,13,0,150.0,361.0,558.0,54.57063711911358,0,116.84249999962049,4000,None,None,0,10,1,1,
congestion,agnostic,14,0,150.0,278.0,465.0,67.26618705035972,0,116.22360000183107,4000,None,None,0,10,1,0,
congestion,agnostic,15,0,150.0,349.0,474.0,35.816618911174785,0,122.11090000346303,4000,None,None,0,10,1,1,
congestion,agnostic,16,0,150.0,291.0,484.0,66.32302405498281,0,130.48449999769218,4000,None,None,0,10,1,0,
congestion,agnostic,17,0,150.0,380.0,537.0,41.31578947368421,0,133.36350000463426,4000,None,None,0,10,1,1,
congestion,agnostic,18,0,150.0,309.0,692.0,123.94822006472492,0,130.64660000236472,4000,None,None,0,10,1,1,
congestion,agnostic,19,0,150.0,345.0,523.0,51.59420289855072,0,126.38850000075763,4000,None,None,0,10,1,1,
congestion,agnostic,20,0,150.0,293.0,450.0,53.58361774744027,0,120.80309999873862,4000,None,None,0,10,1,1,
congestion,agnostic,21,0,150.0,284.0,570.0,100.70422535211267,0,121.30180000531254,4000,None,None,0,10,1,0,
congestion,agnostic,22,0,150.0,287.0,464.0,61.672473867595826,0,125.39059999835445,4000,None,None,0,10,1,0,
congestion,agnostic,23,0,150.0,362.0,727.0,100.82872928176796,0,127.51199999911478,4000,None,None,0,10,1,1,
congestion,agnostic,24,0,150.0,312.0,539.0,72.75641025641025,0,121.70979999791598,4000,None,None,0,10,1,1,
congestion,agnostic,25,0,150.0,372.0,525.0,41.12903225806452,0,126.38899999728892,4000,None,None,0,10,1,1,
congestion,agnostic,26,0,150.0,324.0,540.0,66.66666666666666,0,127.00500000210013,4000,None,None,0,10,1,1,
congestion,agnostic,27,0,150.0,296.0,584.0,97.2972972972973,0,132.56740000360878,4000,None,None,0,10,1,0,
congestion,agnostic,28,0,150.0,412.0,594.0,44.1747572815534,0,124.47190000239061,4000,None,None,0,10,1,1,
congestion,agnostic,29,0,150.0,369.0,654.0,77.23577235772358,0,124.66129999666009,4000,None,None,0,10,1,1,
congestion,agnostic,30,0,150.0,353.0,477.0,35.12747875354108,0,128.97800000064308,4000,None,None,0,10,1,1,
congestion,agnostic,1,1,201.83628993137137,337.0,517.0,53.41246290801187,0,103.15869999612914,4000,None,None,0,10,1,1,
congestion,agnostic,2,1,201.83628993137137,307.0,437.0,42.34527687296417,0,110.8511999991606,4000,None,None,0,10,1,1,
congestion,agnostic,3,1,201.83628993137137,303.0,464.0,53.135313531353134,0,110.57309999887366,4000,None,None,0,10,1,0,
congestion,agnostic,4,1,201.83628993137137,299.0,561.0,87.62541806020067,0,118.1983000060427,4000,None,None,0,10,1,1,
congestion,agnostic,5,1,201.83628993137137,321.0,471.0,46.728971962616825,0,108.12379999697441,4000,None,None,0,10,1,1,
congestion,agnostic,6,1,201.83628993137137,352.0,649.0,84.375,0,109.4943999996758,4000,None,None,0,10,1,1,
congestion,agnostic,7,1,201.83628993137137,305.0,531.0,74.09836065573771,0,108.69769999408163,4000,None,None,0,10,1,1,
congestion,agnostic,8,1,201.83628993137137,347.0,477.0,37.46397694524496,0,125.29550000181189,4000,None,None,0,10,1,0,
congestion,agnostic,9,1,201.83628993137137,317.0,458.0,44.479495268138805,0,110.84180000034394,4000,None,None,0,10,1,1,
congestion,agnostic,10,1,201.83628993137137,292.0,426.0,45.89041095890411,0,110.2182000031462,4000,None,None,0,10,1,1,
congestion,agnostic,11,1,201.83628993137137,454.0,651.0,43.392070484581495,0,110.48460000165505,4000,None,None,0,10,1,1,
congestion,agnostic,12,1,201.83628993137137,306.0,676.0,120.91503267973856,0,120.26850000256673,4000,None,None,0,10,1,1,
congestion,agnostic,13,1,201.83628993137137,361.0,666.0,84.48753462603878,0,113.61160000524251,4000,None,None,0,10,1,1,
congestion,agnostic,14,1,201.83628993137137,278.0,414.0,48.92086330935252,0,117.9474999953527,4000,None,None,0,10,1,1,
congestion,agnostic,15,1,201.83628993137137,349.0,607.0,73.92550143266476,0,104.1555999981938,4000,None,None,0,10,1,1,
congestion,agnostic,16,1,201.83628993137137,291.0,458.0,57.388316151202744,0,115.6708000053186,4000,None,None,0,10,1,1,
congestion,agnostic,17,1,201.83628993137137,380.0,603.0,58.684210526315795,0,112.58880000241334,4000,None,None,0,10,1,1,
congestion,agnostic,18,1,201.83628993137137,309.0,548.0,77.34627831715211,0,109.73789999843575,4000,None,None,0,10,1,0,
congestion,agnostic,19,1,201.83628993137137,345.0,392.0,13.623188405797102,0,99.50380000373116,4000,None,None,0,10,1,1,
congestion,agnostic,20,1,201.83628993137137,293.0,476.0,62.45733788395904,0,114.923600005568,4000,None,None,0,10,1,1,
congestion,agnostic,21,1,201.83628993137137,284.0,740.0,160.56338028169014,0,104.456900000514,4000,None,None,0,10,1,1,
congestion,agnostic,22,1,201.83628993137137,287.0,525.0,82.92682926829268,0,101.04729999875417,4000,None,None,0,10,1,1,
congestion,agnostic,23,1,201.83628993137137,362.0,617.0,70.44198895027624,0,124.52340000163531,4000,None,None,0,10,1,1,
congestion,agnostic,24,1,201.83628993137137,312.0,505.0,61.858974358974365,0,91.52439999888884,4000,None,None,0,10,1,1,
congestion,agnostic,25,1,201.83628993137137,372.0,505.0,35.752688172043015,0,107.93600000033621,4000,None,None,0,10,1,1,
congestion,agnostic,26,1,201.83628993137137,324.0,570.0,75.92592592592592,0,93.33340000011958,4000,None,None,0,10,1,1,
congestion,agnostic,27,1,201.83628993137137,296.0,569.0,92.22972972972973,0,114.24190000252565,4000,None,None,0,10,1,1,
congestion,agnostic,28,1,201.83628993137137,412.0,806.0,95.63106796116504,0,111.05210000096122,4000,None,None,0,10,1,1,
congestion,agnostic,29,1,201.83628993137137,369.0,664.0,79.94579945799458,0,100.66979999828618,4000,None,None,0,10,1,1,
congestion,agnostic,30,1,201.83628993137137,353.0,521.0,47.59206798866856,0,139.13180000236025,4000,None,None,0,10,1,1,
congestion,agnostic,1,2,256.47811996135704,337.0,394.0,16.913946587537094,0,58.25380000169389,4000,None,None,0,10,1,1,
congestion,agnostic,2,2,256.47811996135704,307.0,360.0,17.263843648208468,0,55.45440000423696,4000,None,None,0,10,1,1,
congestion,agnostic,3,2,256.47811996135704,303.0,447.0,47.524752475247524,0,88.35800000088057,4000,None,None,0,10,1,1,
congestion,agnostic,4,2,256.47811996135704,299.0,389.0,30.100334448160538,0,111.07179999817163,4000,None,None,0,10,1,1,
congestion,agnostic,5,2,256.47811996135704,321.0,438.0,36.44859813084112,0,59.81379999866476,4000,None,None,0,10,1,1,
congestion,agnostic,6,2,256.47811996135704,352.0,447.0,26.988636363636363,0,61.332500001299195,4000,None,None,0,10,1,1,
congestion,agnostic,7,2,256.47811996135704,305.0,355.0,16.39344262295082,0,59.91110000468325,4000,None,None,0,10,1,1,
congestion,agnostic,8,2,256.47811996135704,347.0,347.0,0.0,0,101.87380000570556,4000,None,None,0,10,1,1,
congestion,agnostic,9,2,256.47811996135704,317.0,395.0,24.605678233438486,0,98.91390000120737,4000,None,None,0,10,1,1,
congestion,agnostic,10,2,256.47811996135704,292.0,350.0,19.863013698630137,0,,,None,None,0,10,1,0,
congestion,agnostic,11,2,256.47811996135704,454.0,433.0,-4.6255506607929515,0,91.98639999522129,4000,None,None,0,10,1,1,
congestion,agnostic,12,2,256.47811996135704,306.0,382.0,24.836601307189543,0,53.7867000020924,4000,None,None,0,10,1,1,
congestion,agnostic,13,2,256.47811996135704,361.0,423.0,17.174515235457065,0,88.97740000247722,4000,None,None,0,10,1,1,
congestion,agnostic,14,2,256.47811996135704,278.0,362.0,30.215827338129497,0,57.28899999667192,4000,None,None,0,10,1,1,
congestion,agnostic,15,2,256.47811996135704,349.0,397.0,13.753581661891118,0,109.6082000003662,4000,None,None,0,10,1,1,
congestion,agnostic,16,2,256.47811996135704,291.0,345.0,18.556701030927837,0,55.95829999947455,4000,None,None,0,10,1,1,
congestion,agnostic,17,2,256.47811996135704,380.0,398.0,4.736842105263158,0,97.668700000213,4000,None,None,0,10,1,1,
congestion,agnostic,18,2,256.47811996135704,309.0,380.0,22.97734627831715,0,,,None,None,0,10,1,0,
congestion,agnostic,19,2,256.47811996135704,345.0,308.0,-10.72463768115942,0,55.17129999498138,4000,None,None,0,10,1,1,
congestion,agnostic,20,2,256.47811996135704,293.0,316.0,7.849829351535837,0,56.643399999302346,4000,None,None,0,10,1,1,
congestion,agnostic,21,2,256.47811996135704,284.0,326.0,14.788732394366196,0,,,None,None,0,10,1,0,
congestion,agnostic,22,2,256.47811996135704,287.0,331.0,15.33101045296167,0,55.96650000370573,4000,None,None,0,10,1,1,
congestion,agnostic,23,2,256.47811996135704,362.0,390.0,7.734806629834254,0,93.09020000364399,4000,None,None,0,10,1,1,
congestion,agnostic,24,2,256.47811996135704,312.0,346.0,10.897435897435898,0,,,None,None,0,10,1,0,
congestion,agnostic,25,2,256.47811996135704,372.0,394.0,5.913978494623656,0,103.48620000149822,4000,None,None,0,10,1,1,
congestion,agnostic,26,2,256.47811996135704,324.0,376.0,16.049382716049383,0,,,None,None,0,10,1,0,
congestion,agnostic,27,2,256.47811996135704,296.0,364.0,22.972972972972975,0,,,None,None,0,10,1,0,
congestion,agnostic,28,2,256.47811996135704,412.0,538.0,30.582524271844658,0,90.44720000383677,4000,None,None,0,10,1,1,
congestion,agnostic,29,2,256.47811996135704,369.0,510.0,38.21138211382114,0,55.20599999726983,4000,None,None,0,10,1,1,
congestion,agnostic,30,2,256.47811996135704,353.0,316.0,-10.48158640226629,0,53.9342000047327,4000,None,None,0,10,1,1,
congestion,agnostic,1,3,134.78621774996944,337.0,576.0,70.91988130563797,0,139.64530000521336,4000,None,None,0,10,1,1,
congestion,agnostic,2,3,134.78621774996944,307.0,381.0,24.104234527687296,0,133.87450000300305,4000,None,None,0,10,1,0,
congestion,agnostic,3,3,134.78621774996944,303.0,439.0,44.884488448844884,0,136.0761999967508,4000,None,None,0,10,1,1,
congestion,agnostic,4,3,134.78621774996944,299.0,447.0,49.49832775919732,0,137.41640000080224,4000,None,None,0,10,1,0,
congestion,agnostic,5,3,134.78621774996944,321.0,460.0,43.30218068535825,0,131.82880000385921,4000,None,None,0,10,1,0,
congestion,agnostic,6,3,134.78621774996944,352.0,496.0,40.909090909090914,0,133.39389999600826,4000,None,None,0,10,1,1,
congestion,agnostic,7,3,134.78621774996944,305.0,448.0,46.885245901639344,0,125.38019999919925,4000,None,None,0,10,1,0,
congestion,agnostic,8,3,134.78621774996944,347.0,395.0,13.8328530259366,0,131.9833000015933,4000,None,None,0,10,1,1,
congestion,agnostic,9,3,134.78621774996944,317.0,418.0,31.861198738170348,0,128.1860000017332,4000,None,None,0,10,1,1,
congestion,agnostic,10,3,134.78621774996944,292.0,408.0,39.726027397260275,0,116.74390000553103,4000,None,None,0,10,1,1,
congestion,agnostic,11,3,134.78621774996944,454.0,495.0,9.030837004405285,0,129.62839999818243,4000,None,None,0,10,1,1,
congestion,agnostic,12,3,134.78621774996944,306.0,413.0,34.967320261437905,0,128.155099999276,4000,None,None,0,10,1,0,
congestion,agnostic,13,3,134.78621774996944,361.0,346.0,-4.1551246537396125,0,122.24219999916386,4000,None,None,0,10,1,1,
congestion,agnostic,14,3,134.78621774996944,278.0,373.0,34.172661870503596,0,117.21810000017285,4000,None,None,0,10,1,1,
congestion,agnostic,15,3,134.78621774996944,349.0,484.0,38.68194842406877,0,122.72959999972954,4000,None,None,0,10,1,0,
congestion,agnostic,16,3,134.78621774996944,291.0,440.0,51.20274914089347,0,132.83709999814164,4000,None,None,0,10,1,1,
congestion,agnostic,17,3,134.78621774996944,380.0,457.0,20.263157894736842,0,126.13859999692068,4000,None,None,0,10,1,1,
congestion,agnostic,18,3,134.78621774996944,309.0,473.0,53.07443365695793,0,128.36560000141617,4000,None,None,0,10,1,0,
congestion,agnostic,19,3,134.78621774996944,345.0,479.0,38.84057971014493,0,134.43330000154674,4000,None,None,0,10,1,1,
congestion,agnostic,20,3,134.78621774996944,293.0,401.0,36.86006825938566,0,129.59219999902416,4000,None,None,0,10,1,0,
congestion,agnostic,21,3,134.78621774996944,284.0,384.0,35.2112676056338,0,139.11380000354256,4000,None,None,0,10,1,0,
congestion,agnostic,22,3,134.78621774996944,287.0,501.0,74.56445993031359,0,128.54479999805335,4000,None,None,0,10,1,1,
congestion,agnostic,23,3,134.78621774996944,362.0,477.0,31.767955801104975,0,126.31449999753386,4000,None,None,0,10,1,0,
congestion,agnostic,24,3,134.78621774996944,312.0,449.0,43.91025641025641,0,127.94709999434417,4000,None,None,0,10,1,0,
congestion,agnostic,25,3,134.78621774996944,372.0,473.0,27.1505376344086,0,135.6653000038932,4000,None,None,0,10,1,1,
congestion,agnostic,26,3,134.78621774996944,324.0,384.0,18.51851851851852,0,128.14349999825936,4000,None,None,0,10,1,1,
congestion,agnostic,27,3,134.78621774996944,296.0,402.0,35.810810810810814,0,134.9218000032124,4000,None,None,0,10,1,1,
congestion,agnostic,28,3,134.78621774996944,412.0,518.0,25.728155339805824,0,126.99690000590635,4000,None,None,0,10,1,1,
congestion,agnostic,29,3,134.78621774996944,369.0,399.0,8.130081300813007,0,120.66139999660663,4000,None,None,0,10,1,1,
congestion,agnostic,30,3,134.78621774996944,353.0,450.0,27.47875354107649,0,122.60280000191415,4000,None,None,0,10,1,0,
congestion,agnostic,1,4,105.42031371890769,337.0,488.0,44.80712166172107,0,138.70150000002468,4000,None,None,0,10,1,1,
congestion,agnostic,2,4,105.42031371890769,307.0,393.0,28.013029315960914,0,145.21249999961583,4000,None,None,0,10,1,1,
congestion,agnostic,3,4,105.42031371890769,303.0,453.0,49.504950495049506,0,133.26270000106888,4000,None,None,0,10,1,0,
congestion,agnostic,4,4,105.42031371890769,299.0,452.0,51.17056856187291,0,145.37620000191964,4000,None,None,0,10,1,0,
congestion,agnostic,5,4,105.42031371890769,321.0,511.0,59.19003115264797,0,138.23340000089956,4000,None,None,0,10,1,1,
congestion,agnostic,6,4,105.42031371890769,352.0,499.0,41.76136363636363,0,139.27810000313912,4000,None,None,0,10,1,1,
congestion,agnostic,7,4,105.42031371890769,305.0,444.0,45.57377049180328,0,147.11269999679644,4000,None,None,0,10,1,1,
congestion,agnostic,8,4,105.42031371890769,347.0,489.0,40.92219020172911,0,149.19260000169743,4000,None,None,0,10,1,1,
congestion,agnostic,9,4,105.42031371890769,317.0,464.0,46.37223974763407,0,140.5555999954231,4000,None,None,0,10,1,1,
congestion,agnostic,10,4,105.42031371890769,292.0,446.0,52.73972602739726,0,141.95260000269627,4000,None,None,0,10,1,1,
congestion,agnostic,11,4,105.42031371890769,454.0,536.0,18.06167400881057,0,156.97740000177873,4000,None,None,0,10,1,1,
congestion,agnostic,12,4,105.42031371890769,306.0,424.0,38.56209150326798,0,145.3135000047041,4000,None,None,0,10,1,1,
congestion,agnostic,13,4,105.42031371890769,361.0,428.0,18.559556786703602,0,135.37169999472098,4000,None,None,0,10,1,1,
congestion,agnostic,14,4,105.42031371890769,278.0,397.0,42.805755395683455,0,130.6012000059127,4000,None,None,0,10,1,0,
congestion,agnostic,15,4,105.42031371890769,349.0,486.0,39.25501432664756,0,142.4154999986058,4000,None,None,0,10,1,0,
congestion,agnostic,16,4,105.42031371890769,291.0,478.0,64.26116838487972,0,145.79550000053132,4000,None,None,0,10,1,0,
congestion,agnostic,17,4,105.42031371890769,380.0,472.0,24.210526315789473,0,134.34379999671364,4000,None,None,0,10,1,1,
congestion,agnostic,18,4,105.42031371890769,309.0,466.0,50.80906148867314,0,134.24740000482416,4000,None,None,0,10,1,0,
congestion,agnostic,19,4,105.42031371890769,345.0,399.0,15.65217391304348,0,142.293900004006,4000,None,None,0,10,1,1,
congestion,agnostic,20,4,105.42031371890769,293.0,451.0,53.92491467576792,0,137.86160000017844,4000,None,None,0,10,1,1,
congestion,agnostic,21,4,105.42031371890769,284.0,453.0,59.50704225352113,0,138.10630000079982,4000,None,None,0,10,1,1,
congestion,agnostic,22,4,105.42031371890769,287.0,381.0,32.752613240418114,0,146.21189999888884,4000,None,None,0,10,1,0,
congestion,agnostic,23,4,105.42031371890769,362.0,422.0,16.574585635359114,0,150.14099999825703,4000,None,None,0,10,1,0,
congestion,agnostic,24,4,105.42031371890769,312.0,490.0,57.05128205128205,0,140.90450000367127,4000,None,None,0,10,1,1,
congestion,agnostic,25,4,105.42031371890769,372.0,488.0,31.182795698924732,0,143.56270000280347,4000,None,None,0,10,1,1,
congestion,agnostic,26,4,105.42031371890769,324.0,444.0,37.03703703703704,0,128.7551000059466,4000,None,None,0,10,1,1,
congestion,agnostic,27,4,105.42031371890769,296.0,472.0,59.45945945945946,0,159.74819999973988,4000,None,None,0,10,1,0,
congestion,agnostic,28,4,105.42031371890769,412.0,488.0,18.446601941747574,0,149.87400000245543,4000,None,None,0,10,1,1,
congestion,agnostic,29,4,105.42031371890769,369.0,444.0,20.32520325203252,0,138.24129999557044,4000,None,None,0,10,1,1,
congestion,agnostic,30,4,105.42031371890769,353.0,392.0,11.048158640226628,0,134.77589999820339,4000,None,None,0,10,1,1,
fault,agnostic,1,0,200.0,337.0,337.0,0.0,0,,,462.0,3,1,10,1,0,None
fault,agnostic-excl,1,0,200.0,337.0,337.0,0.0,0,,,462.0,3,1,10,1,0,None
fault,agnostic,2,0,200.0,307.0,307.0,0.0,0,,,463.0,3,1,10,1,0,None
fault,agnostic-excl,2,0,200.0,307.0,307.0,0.0,0,,,463.0,3,1,10,1,0,None
fault,agnostic,3,0,200.0,303.0,303.0,0.0,0,,,463.0,3,1,10,1,0,None
fault,agnostic-excl,3,0,200.0,303.0,303.0,0.0,0,,,463.0,3,1,10,1,0,None
fault,agnostic,4,0,200.0,299.0,308.0,3.0100334448160537,0,,,463.0,3,1,10,1,0,None
fault,agnostic-excl,4,0,200.0,299.0,308.0,3.0100334448160537,0,,,463.0,3,1,10,1,0,None
fault,agnostic,5,0,200.0,321.0,321.0,0.0,0,,,452.0,3,1,10,1,0,None
fault,agnostic-excl,5,0,200.0,321.0,321.0,0.0,0,,,452.0,3,1,10,1,0,None
fault,agnostic,6,0,200.0,352.0,352.0,0.0,0,,,462.0,3,1,10,1,0,None
fault,agnostic-excl,6,0,200.0,352.0,352.0,0.0,0,,,462.0,3,1,10,1,0,None
fault,agnostic,7,0,200.0,305.0,305.0,0.0,0,,,467.0,3,1,10,1,0,None
fault,agnostic-excl,7,0,200.0,305.0,305.0,0.0,0,,,467.0,3,1,10,1,0,None
fault,agnostic,8,0,200.0,347.0,584.0,68.29971181556196,0,,0,450.0,3,1,10,1,0,None
fault,agnostic-excl,8,0,200.0,347.0,584.0,68.29971181556196,0,,0,450.0,3,1,10,1,0,None
fault,agnostic,9,0,200.0,317.0,352.0,11.041009463722396,0,,,465.0,3,1,10,1,0,None
fault,agnostic-excl,9,0,200.0,317.0,352.0,11.041009463722396,0,,,465.0,3,1,10,1,0,None
fault,agnostic,10,0,200.0,292.0,292.0,0.0,0,,,460.0,3,1,10,1,0,None
fault,agnostic-excl,10,0,200.0,292.0,292.0,0.0,0,,,460.0,3,1,10,1,0,None
fault,agnostic,11,0,200.0,454.0,454.0,0.0,0,,0,450.0,3,1,10,1,0,None
fault,agnostic-excl,11,0,200.0,454.0,454.0,0.0,0,,0,450.0,3,1,10,1,0,None
fault,agnostic,12,0,200.0,306.0,306.0,0.0,0,,,462.0,3,1,10,1,0,None
fault,agnostic-excl,12,0,200.0,306.0,306.0,0.0,0,,,462.0,3,1,10,1,0,None
fault,agnostic,13,0,200.0,361.0,361.0,0.0,0,,,454.0,3,1,10,1,0,None
fault,agnostic-excl,13,0,200.0,361.0,361.0,0.0,0,,,454.0,3,1,10,1,0,None
fault,agnostic,14,0,200.0,278.0,278.0,0.0,0,,,464.0,6,1,10,1,0,None
fault,agnostic-excl,14,0,200.0,278.0,278.0,0.0,0,,,464.0,6,1,10,1,0,None
fault,agnostic,15,0,200.0,349.0,349.0,0.0,0,,,457.0,3,1,10,1,0,None
fault,agnostic-excl,15,0,200.0,349.0,349.0,0.0,0,,,457.0,3,1,10,1,0,None
fault,agnostic,16,0,200.0,291.0,291.0,0.0,0,,,460.0,3,1,10,1,0,None
fault,agnostic-excl,16,0,200.0,291.0,291.0,0.0,0,,,460.0,3,1,10,1,0,None
fault,agnostic,17,0,200.0,380.0,542.0,42.63157894736842,0,,0,450.0,3,1,10,1,0,None
fault,agnostic-excl,17,0,200.0,380.0,542.0,42.63157894736842,0,,0,450.0,3,1,10,1,0,None
fault,agnostic,18,0,200.0,309.0,309.0,0.0,0,,,453.0,3,1,10,1,0,None
fault,agnostic-excl,18,0,200.0,309.0,309.0,0.0,0,,,453.0,3,1,10,1,0,None
fault,agnostic,19,0,200.0,345.0,345.0,0.0,0,,,469.0,3,1,10,1,0,None
fault,agnostic-excl,19,0,200.0,345.0,345.0,0.0,0,,,469.0,3,1,10,1,0,None
fault,agnostic,20,0,200.0,293.0,293.0,0.0,0,,,465.0,3,1,10,1,0,None
fault,agnostic-excl,20,0,200.0,293.0,293.0,0.0,0,,,465.0,3,1,10,1,0,None
fault,agnostic,21,0,200.0,284.0,284.0,0.0,0,,,449.0,3,1,10,1,0,None
fault,agnostic-excl,21,0,200.0,284.0,284.0,0.0,0,,,449.0,3,1,10,1,0,None
fault,agnostic,22,0,200.0,287.0,287.0,0.0,0,,,454.0,3,1,10,1,0,None
fault,agnostic-excl,22,0,200.0,287.0,287.0,0.0,0,,,454.0,3,1,10,1,0,None
fault,agnostic,23,0,200.0,362.0,362.0,0.0,0,,,464.0,3,1,10,1,0,None
fault,agnostic-excl,23,0,200.0,362.0,362.0,0.0,0,,,464.0,3,1,10,1,0,None
fault,agnostic,24,0,200.0,312.0,321.0,2.8846153846153846,0,,,459.0,3,1,10,1,0,None
fault,agnostic-excl,24,0,200.0,312.0,321.0,2.8846153846153846,0,,,459.0,3,1,10,1,0,None
fault,agnostic,25,0,200.0,372.0,372.0,0.0,0,,,451.0,3,1,10,1,0,None
fault,agnostic-excl,25,0,200.0,372.0,372.0,0.0,0,,,451.0,3,1,10,1,0,None
fault,agnostic,26,0,200.0,324.0,324.0,0.0,0,,,460.0,3,1,10,1,0,None
fault,agnostic-excl,26,0,200.0,324.0,324.0,0.0,0,,,460.0,3,1,10,1,0,None
fault,agnostic,27,0,200.0,296.0,296.0,0.0,0,,,479.0,3,1,10,1,0,None
fault,agnostic-excl,27,0,200.0,296.0,296.0,0.0,0,,,479.0,3,1,10,1,0,None
fault,agnostic,28,0,200.0,412.0,412.0,0.0,0,,,459.0,3,1,10,1,0,None
fault,agnostic-excl,28,0,200.0,412.0,412.0,0.0,0,,,459.0,3,1,10,1,0,None
fault,agnostic,29,0,200.0,369.0,422.0,14.363143631436316,0,,,455.0,3,1,10,1,0,None
fault,agnostic-excl,29,0,200.0,369.0,422.0,14.363143631436316,0,,,455.0,3,1,10,1,0,None
fault,agnostic,30,0,200.0,353.0,353.0,0.0,0,,,444.0,3,1,10,1,0,None
fault,agnostic-excl,30,0,200.0,353.0,353.0,0.0,0,,,444.0,3,1,10,1,0,None
fault,agnostic,1,1,139.2060032799555,337.0,447.0,32.640949554896146,0,490.3894000017317,20000,209.0,1,1,10,1,1,None
fault,agnostic-excl,1,1,139.2060032799555,337.0,357.0,5.934718100890208,0,470.2781000014511,20000,209.0,1,1,10,1,1,258.0
fault,agnostic,2,1,139.2060032799555,307.0,315.0,2.6058631921824107,0,501.7297999947914,20000,205.0,0,1,10,1,1,None
fault,agnostic-excl,2,1,139.2060032799555,307.0,307.0,0.0,0,481.1584000053699,20000,205.0,0,1,10,1,1,236.0
fault,agnostic,3,1,139.2060032799555,303.0,397.0,31.02310231023102,0,473.0414000005112,20000,204.0,7,1,10,1,1,None
fault,agnostic-excl,3,1,139.2060032799555,303.0,323.0,6.6006600660066,0,476.3355000031879,20000,204.0,7,1,10,1,1,221.0
fault,agnostic,4,1,139.2060032799555,299.0,403.0,34.78260869565217,0,482.87359999812907,20000,213.0,2,1,10,1,1,None
fault,agnostic-excl,4,1,139.2060032799555,299.0,331.0,10.702341137123746,0,494.6879999988596,20000,213.0,2,1,10,1,1,304.0
fault,agnostic,5,1,139.2060032799555,321.0,353.0,9.968847352024921,0,498.0797000025632,20000,205.0,4,1,10,1,1,None
fault,agnostic-excl,5,1,139.2060032799555,321.0,329.0,2.4922118380062304,0,494.70499999733875,20000,205.0,4,1,10,1,1,255.0
fault,agnostic,6,1,139.2060032799555,352.0,342.0,-2.840909090909091,0,470.9205999970436,20000,213.0,9,1,10,1,1,None
fault,agnostic-excl,6,1,139.2060032799555,352.0,342.0,-2.840909090909091,0,454.5328000021982,20000,213.0,9,1,10,1,1,253.0
fault,agnostic,7,1,139.2060032799555,305.0,327.0,7.213114754098362,0,458.6365999930422,20000,206.0,3,1,10,1,1,None
fault,agnostic-excl,7,1,139.2060032799555,305.0,327.0,7.213114754098362,0,463.1747000021278,20000,206.0,3,1,10,1,1,None
fault,agnostic,8,1,139.2060032799555,347.0,531.0,53.02593659942363,0,505.7832000020426,20000,213.0,5,1,10,1,1,None
fault,agnostic-excl,8,1,139.2060032799555,347.0,426.0,22.76657060518732,0,518.9057000025059,20000,213.0,5,1,10,1,1,263.0
fault,agnostic,9,1,139.2060032799555,317.0,294.0,-7.255520504731862,0,510.13049999892246,20000,214.0,4,1,10,1,1,None
fault,agnostic-excl,9,1,139.2060032799555,317.0,294.0,-7.255520504731862,0,503.25249999877997,20000,214.0,4,1,10,1,1,234.0
fault,agnostic,10,1,139.2060032799555,292.0,343.0,17.465753424657535,0,465.8690999931423,20000,211.0,3,1,10,1,1,None
fault,agnostic-excl,10,1,139.2060032799555,292.0,305.0,4.4520547945205475,0,457.245999998122,20000,211.0,3,1,10,1,1,231.0
fault,agnostic,11,1,139.2060032799555,454.0,719.0,58.370044052863435,0,466.619200000423,20000,204.0,2,1,10,1,1,None
fault,agnostic-excl,11,1,139.2060032799555,454.0,328.0,-27.75330396475771,0,491.3292999990517,20000,204.0,2,1,10,1,1,316.0
fault,agnostic,12,1,139.2060032799555,306.0,587.0,91.83006535947712,0,495.7743999984814,20000,200.0,9,1,10,1,1,None
fault,agnostic-excl,12,1,139.2060032799555,306.0,336.0,9.803921568627452,0,488.3929000061471,20000,200.0,9,1,10,1,1,None
fault,agnostic,13,1,139.2060032799555,361.0,315.0,-12.742382271468145,0,472.2048999974504,20000,200.0,5,1,10,1,1,None
fault,agnostic-excl,13,1,139.2060032799555,361.0,315.0,-12.742382271468145,0,458.46800000435906,20000,200.0,5,1,10,1,1,230.0
fault,agnostic,14,1,139.2060032799555,278.0,323.0,16.18705035971223,0,450.62090000283206,20000,205.0,7,1,10,1,1,None
fault,agnostic-excl,14,1,139.2060032799555,278.0,293.0,5.39568345323741,0,420.5581999995047,20000,205.0,7,1,10,1,1,278.0
fault,agnostic,15,1,139.2060032799555,349.0,458.0,31.23209169054441,0,469.8707999996259,20000,216.0,1,1,10,1,1,None
fault,agnostic-excl,15,1,139.2060032799555,349.0,306.0,-12.320916905444127,0,515.8510000037495,20000,216.0,1,1,10,1,1,None
fault,agnostic,16,1,139.2060032799555,291.0,384.0,31.958762886597935,0,500.1358000008622,20000,210.0,5,1,10,1,1,None
fault,agnostic-excl,16,1,139.2060032799555,291.0,328.0,12.714776632302405,0,520.5617999963579,20000,210.0,5,1,10,1,1,240.0
fault,agnostic,17,1,139.2060032799555,380.0,310.0,-18.421052631578945,0,460.3198999975575,20000,214.0,7,1,10,1,1,None
fault,agnostic-excl,17,1,139.2060032799555,380.0,310.0,-18.421052631578945,0,469.0675000019837,20000,214.0,7,1,10,1,1,276.0
fault,agnostic,18,1,139.2060032799555,309.0,422.0,36.56957928802589,0,473.208399998839,20000,208.0,1,1,10,1,1,None
fault,agnostic-excl,18,1,139.2060032799555,309.0,346.0,11.974110032362459,0,468.99609999672975,20000,208.0,1,1,10,1,1,253.0
fault,agnostic,19,1,139.2060032799555,345.0,283.0,-17.971014492753625,0,463.8852999996743,20000,204.0,8,1,10,1,1,None
fault,agnostic-excl,19,1,139.2060032799555,345.0,308.0,-10.72463768115942,0,460.27699999831384,20000,204.0,8,1,10,1,1,248.0
fault,agnostic,20,1,139.2060032799555,293.0,307.0,4.778156996587031,0,513.4394000051543,20000,211.0,4,1,10,1,1,None
fault,agnostic-excl,20,1,139.2060032799555,293.0,300.0,2.3890784982935154,0,485.90889999468345,20000,211.0,4,1,10,1,1,286.0
fault,agnostic,21,1,139.2060032799555,284.0,331.0,16.549295774647888,0,463.3055999947828,20000,210.0,6,1,10,1,1,None
fault,agnostic-excl,21,1,139.2060032799555,284.0,362.0,27.464788732394368,0,462.63829999952577,20000,210.0,6,1,10,1,1,308.0
fault,agnostic,22,1,139.2060032799555,287.0,300.0,4.529616724738676,0,412.93730000325013,20000,209.0,7,1,10,1,1,None
fault,agnostic-excl,22,1,139.2060032799555,287.0,307.0,6.968641114982578,0,414.3483000007109,20000,209.0,7,1,10,1,1,262.0
fault,agnostic,23,1,139.2060032799555,362.0,312.0,-13.812154696132598,0,525.9476999999606,20000,202.0,5,1,10,1,1,None
fault,agnostic-excl,23,1,139.2060032799555,362.0,312.0,-13.812154696132598,0,532.4964999963413,20000,202.0,5,1,10,1,1,255.0
fault,agnostic,24,1,139.2060032799555,312.0,322.0,3.205128205128205,0,476.3450999962515,20000,204.0,5,1,10,1,1,None
fault,agnostic-excl,24,1,139.2060032799555,312.0,322.0,3.205128205128205,0,456.4417000001413,20000,204.0,5,1,10,1,1,313.0
fault,agnostic,25,1,139.2060032799555,372.0,367.0,-1.3440860215053763,0,472.4294999978156,20000,207.0,6,1,10,1,1,None
fault,agnostic-excl,25,1,139.2060032799555,372.0,318.0,-14.516129032258066,0,469.324300000153,20000,207.0,6,1,10,1,1,262.0
fault,agnostic,26,1,139.2060032799555,324.0,310.0,-4.320987654320987,0,466.78390000306536,20000,204.0,7,1,10,1,1,None
fault,agnostic-excl,26,1,139.2060032799555,324.0,343.0,5.864197530864197,0,467.9595999987214,20000,204.0,7,1,10,1,1,282.0
fault,agnostic,27,1,139.2060032799555,296.0,309.0,4.391891891891892,0,484.21769999549724,20000,208.0,5,1,10,1,1,None
fault,agnostic-excl,27,1,139.2060032799555,296.0,309.0,4.391891891891892,0,487.8108999982942,20000,208.0,5,1,10,1,1,256.0
fault,agnostic,28,1,139.2060032799555,412.0,362.0,-12.135922330097088,0,468.91969999705907,20000,205.0,5,1,10,1,1,None
fault,agnostic-excl,28,1,139.2060032799555,412.0,362.0,-12.135922330097088,0,464.79879999969853,20000,205.0,5,1,10,1,1,257.0
fault,agnostic,29,1,139.2060032799555,369.0,590.0,59.891598915989164,0,453.6755999943125,20000,208.0,0,1,10,1,1,None
fault,agnostic-excl,29,1,139.2060032799555,369.0,361.0,-2.168021680216802,0,453.7840999983018,20000,208.0,0,1,10,1,1,356.0
fault,agnostic,30,1,139.2060032799555,353.0,307.0,-13.031161473087819,0,501.1713999992935,20000,210.0,7,1,10,1,1,None
fault,agnostic-excl,30,1,139.2060032799555,353.0,307.0,-13.031161473087819,0,467.13370000361465,20000,210.0,7,1,10,1,1,296.0
fault,agnostic,1,2,181.7052044143888,337.0,582.0,72.70029673590504,0,,0,441.0,8,1,10,1,0,None
fault,agnostic-excl,1,2,181.7052044143888,337.0,582.0,72.70029673590504,0,,0,441.0,8,1,10,1,0,None
fault,agnostic,2,2,181.7052044143888,307.0,307.0,0.0,0,,,451.0,1,1,10,1,0,None
fault,agnostic-excl,2,2,181.7052044143888,307.0,307.0,0.0,0,,,451.0,1,1,10,1,0,None
fault,agnostic,3,2,181.7052044143888,303.0,303.0,0.0,0,,,451.0,0,1,10,1,0,None
fault,agnostic-excl,3,2,181.7052044143888,303.0,303.0,0.0,0,,,451.0,0,1,10,1,0,None
fault,agnostic,4,2,181.7052044143888,299.0,299.0,0.0,0,,,450.0,6,1,10,1,0,None
fault,agnostic-excl,4,2,181.7052044143888,299.0,299.0,0.0,0,,,450.0,6,1,10,1,0,None
fault,agnostic,5,2,181.7052044143888,321.0,420.0,30.8411214953271,0,,,433.0,4,1,10,1,0,None
fault,agnostic-excl,5,2,181.7052044143888,321.0,420.0,30.8411214953271,0,,,433.0,4,1,10,1,0,None
fault,agnostic,6,2,181.7052044143888,352.0,352.0,0.0,0,,,452.0,4,1,10,1,0,None
fault,agnostic-excl,6,2,181.7052044143888,352.0,352.0,0.0,0,,,452.0,4,1,10,1,0,None
fault,agnostic,7,2,181.7052044143888,305.0,399.0,30.81967213114754,0,,,435.0,2,1,10,1,0,None
fault,agnostic-excl,7,2,181.7052044143888,305.0,399.0,30.81967213114754,0,,,435.0,2,1,10,1,0,None
fault,agnostic,8,2,181.7052044143888,347.0,347.0,0.0,0,,,447.0,7,1,10,1,0,None
fault,agnostic-excl,8,2,181.7052044143888,347.0,347.0,0.0,0,,,447.0,7,1,10,1,0,None
fault,agnostic,9,2,181.7052044143888,317.0,368.0,16.08832807570978,0,,,460.0,3,1,10,1,0,None
fault,agnostic-excl,9,2,181.7052044143888,317.0,368.0,16.08832807570978,0,,,460.0,3,1,10,1,0,None
fault,agnostic,10,2,181.7052044143888,292.0,292.0,0.0,0,,,445.0,6,1,10,1,0,None
fault,agnostic-excl,10,2,181.7052044143888,292.0,292.0,0.0,0,,,445.0,6,1,10,1,0,None
fault,agnostic,11,2,181.7052044143888,454.0,454.0,0.0,0,,0,447.0,7,1,10,1,0,None
fault,agnostic-excl,11,2,181.7052044143888,454.0,454.0,0.0,0,,0,447.0,7,1,10,1,0,None
fault,agnostic,12,2,181.7052044143888,306.0,306.0,0.0,0,,,457.0,3,1,10,1,0,None
fault,agnostic-excl,12,2,181.7052044143888,306.0,306.0,0.0,0,,,457.0,3,1,10,1,0,None
fault,agnostic,13,2,181.7052044143888,361.0,361.0,0.0,0,,,437.0,8,1,10,1,0,None
fault,agnostic-excl,13,2,181.7052044143888,361.0,361.0,0.0,0,,,437.0,8,1,10,1,0,None
fault,agnostic,14,2,181.7052044143888,278.0,278.0,0.0,0,,,441.0,7,1,10,1,0,None
fault,agnostic-excl,14,2,181.7052044143888,278.0,278.0,0.0,0,,,441.0,7,1,10,1,0,None
fault,agnostic,15,2,181.7052044143888,349.0,349.0,0.0,0,,,456.0,2,1,10,1,0,None
fault,agnostic-excl,15,2,181.7052044143888,349.0,349.0,0.0,0,,,456.0,2,1,10,1,0,None
fault,agnostic,16,2,181.7052044143888,291.0,337.0,15.807560137457044,0,,,450.0,6,1,10,1,0,None
fault,agnostic-excl,16,2,181.7052044143888,291.0,337.0,15.807560137457044,0,,,450.0,6,1,10,1,0,None
fault,agnostic,17,2,181.7052044143888,380.0,380.0,0.0,0,,,443.0,4,1,10,1,0,None
fault,agnostic-excl,17,2,181.7052044143888,380.0,380.0,0.0,0,,,443.0,4,1,10,1,0,None
fault,agnostic,18,2,181.7052044143888,309.0,370.0,19.741100323624593,0,,,445.0,9,1,10,1,0,None
fault,agnostic-excl,18,2,181.7052044143888,309.0,370.0,19.741100323624593,0,,,445.0,9,1,10,1,0,None
fault,agnostic,19,2,181.7052044143888,345.0,345.0,0.0,0,,,445.0,8,1,10,1,0,None
fault,agnostic-excl,19,2,181.7052044143888,345.0,345.0,0.0,0,,,445.0,8,1,10,1,0,None
fault,agnostic,20,2,181.7052044143888,293.0,308.0,5.1194539249146755,0,,,451.0,7,1,10,1,0,None
fault,agnostic-excl,20,2,181.7052044143888,293.0,308.0,5.1194539249146755,0,,,451.0,7,1,10,1,0,None
fault,agnostic,21,2,181.7052044143888,284.0,288.0,1.4084507042253522,0,,,448.0,4,1,10,1,0,None
fault,agnostic-excl,21,2,181.7052044143888,284.0,288.0,1.4084507042253522,0,,,448.0,4,1,10,1,0,None
fault,agnostic,22,2,181.7052044143888,287.0,321.0,11.846689895470384,0,,,448.0,9,1,10,1,0,None
fault,agnostic-excl,22,2,181.7052044143888,287.0,321.0,11.846689895470384,0,,,448.0,9,1,10,1,0,None
fault,agnostic,23,2,181.7052044143888,362.0,362.0,0.0,0,,,439.0,1,1,10,1,0,None
fault,agnostic-excl,23,2,181.7052044143888,362.0,362.0,0.0,0,,,439.0,1,1,10,1,0,None
fault,agnostic,24,2,181.7052044143888,312.0,312.0,0.0,0,,,446.0,7,1,10,1,0,None
fault,agnostic-excl,24,2,181.7052044143888,312.0,312.0,0.0,0,,,446.0,7,1,10,1,0,None
fault,agnostic,25,2,181.7052044143888,372.0,372.0,0.0,0,,,452.0,5,1,10,1,0,None
fault,agnostic-excl,25,2,181.7052044143888,372.0,372.0,0.0,0,,,452.0,5,1,10,1,0,None
fault,agnostic,26,2,181.7052044143888,324.0,324.0,0.0,0,,,460.0,5,1,10,1,0,None
fault,agnostic-excl,26,2,181.7052044143888,324.0,324.0,0.0,0,,,460.0,5,1,10,1,0,None
fault,agnostic,27,2,181.7052044143888,296.0,366.0,23.64864864864865,0,,,434.0,8,1,10,1,0,None
fault,agnostic-excl,27,2,181.7052044143888,296.0,366.0,23.64864864864865,0,,,434.0,8,1,10,1,0,None
fault,agnostic,28,2,181.7052044143888,412.0,412.0,0.0,0,,,451.0,6,1,10,1,0,None
fault,agnostic-excl,28,2,181.7052044143888,412.0,412.0,0.0,0,,,451.0,6,1,10,1,0,None
fault,agnostic,29,2,181.7052044143888,369.0,441.0,19.51219512195122,0,,,450.0,3,1,10,1,0,None
fault,agnostic-excl,29,2,181.7052044143888,369.0,441.0,19.51219512195122,0,,,450.0,3,1,10,1,0,None
fault,agnostic,30,2,181.7052044143888,353.0,353.0,0.0,0,,,438.0,3,1,10,1,0,None
fault,agnostic-excl,30,2,181.7052044143888,353.0,353.0,0.0,0,,,438.0,3,1,10,1,0,None
fault,agnostic,1,3,87.05594713886512,337.0,506.0,50.14836795252226,0,483.0677999998443,20000,168.0,8,1,10,1,1,None
fault,agnostic-excl,1,3,87.05594713886512,337.0,355.0,5.341246290801187,0,490.9343000035733,20000,168.0,8,1,10,1,1,258.0
fault,agnostic,2,3,87.05594713886512,307.0,391.0,27.36156351791531,0,525.9959999966668,20000,168.0,4,1,10,1,1,None
fault,agnostic-excl,2,3,87.05594713886512,307.0,303.0,-1.3029315960912053,0,498.36299999878975,20000,168.0,4,1,10,1,1,231.0
fault,agnostic,3,3,87.05594713886512,303.0,317.0,4.62046204620462,0,521.5958000044338,20000,163.0,9,1,10,1,1,None
fault,agnostic-excl,3,3,87.05594713886512,303.0,322.0,6.270627062706271,0,485.17899999569636,20000,163.0,9,1,10,1,1,221.0
fault,agnostic,4,3,87.05594713886512,299.0,946.0,216.38795986622074,0,526.8837999974494,20000,171.0,3,1,10,1,1,None
fault,agnostic-excl,4,3,87.05594713886512,299.0,325.0,8.695652173913043,0,509.0875999958371,20000,171.0,3,1,10,1,1,None
fault,agnostic,5,3,87.05594713886512,321.0,432.0,34.57943925233645,0,512.8499999991618,20000,172.0,0,1,10,1,1,None
fault,agnostic-excl,5,3,87.05594713886512,321.0,404.0,25.85669781931464,0,532.0022000014433,20000,172.0,0,1,10,1,1,250.0
fault,agnostic,6,3,87.05594713886512,352.0,340.0,-3.4090909090909087,0,517.8720999974757,20000,172.0,3,1,10,1,1,None
fault,agnostic-excl,6,3,87.05594713886512,352.0,352.0,0.0,0,507.0906000037212,20000,172.0,3,1,10,1,1,235.0
fault,agnostic,7,3,87.05594713886512,305.0,288.0,-5.573770491803279,0,490.92319999908796,20000,168.0,3,1,10,1,1,None
fault,agnostic-excl,7,3,87.05594713886512,305.0,299.0,-1.9672131147540985,0,504.14420000015525,20000,168.0,3,1,10,1,1,191.0
fault,agnostic,8,3,87.05594713886512,347.0,1031.0,197.11815561959654,0,533.4323999995831,20000,172.0,9,1,10,1,1,None
fault,agnostic-excl,8,3,87.05594713886512,347.0,337.0,-2.881844380403458,0,565.0597999992897,20000,172.0,9,1,10,1,1,246.0
fault,agnostic,9,3,87.05594713886512,317.0,356.0,12.302839116719243,0,517.6995000001625,20000,173.0,9,1,10,1,1,None
fault,agnostic-excl,9,3,87.05594713886512,317.0,297.0,-6.309148264984227,0,534.9798999959603,20000,173.0,9,1,10,1,1,275.0
fault,agnostic,10,3,87.05594713886512,292.0,566.0,93.83561643835617,0,494.87999999837484,20000,163.0,8,1,10,1,1,None
fault,agnostic-excl,10,3,87.05594713886512,292.0,301.0,3.0821917808219177,0,497.88640000042506,20000,163.0,8,1,10,1,1,None
fault,agnostic,11,3,87.05594713886512,454.0,604.0,33.03964757709251,0,526.5526000002865,20000,171.0,5,1,10,1,1,None
fault,agnostic-excl,11,3,87.05594713886512,454.0,372.0,-18.06167400881057,0,534.6504999979516,20000,171.0,5,1,10,1,1,203.0
fault,agnostic,12,3,87.05594713886512,306.0,425.0,38.88888888888889,0,553.7870999978622,20000,156.0,9,1,10,1,1,None
fault,agnostic-excl,12,3,87.05594713886512,306.0,315.0,2.941176470588235,0,532.2253000049386,20000,156.0,9,1,10,1,1,239.0
fault,agnostic,13,3,87.05594713886512,361.0,298.0,-17.451523545706372,0,530.9057999984361,20000,166.0,9,1,10,1,1,None
fault,agnostic-excl,13,3,87.05594713886512,361.0,287.0,-20.498614958448755,0,505.4535000017495,20000,166.0,9,1,10,1,1,190.0
fault,agnostic,14,3,87.05594713886512,278.0,313.0,12.589928057553957,0,519.0923999980441,20000,166.0,0,1,10,1,1,None
fault,agnostic-excl,14,3,87.05594713886512,278.0,298.0,7.194244604316546,0,505.2289000013843,20000,166.0,0,1,10,1,1,201.0
fault,agnostic,15,3,87.05594713886512,349.0,1003.0,187.39255014326648,0,506.4199999978882,20000,171.0,3,1,10,1,1,None
fault,agnostic-excl,15,3,87.05594713886512,349.0,301.0,-13.753581661891118,0,501.1320000048727,20000,171.0,3,1,10,1,1,None
fault,agnostic,16,3,87.05594713886512,291.0,435.0,49.48453608247423,0,544.0210000015213,20000,168.0,4,1,10,1,1,None
fault,agnostic-excl,16,3,87.05594713886512,291.0,366.0,25.773195876288657,0,525.9214000034262,20000,168.0,4,1,10,1,1,316.0
fault,agnostic,17,3,87.05594713886512,380.0,359.0,-5.526315789473684,0,492.14760000177193,20000,168.0,1,1,10,1,1,None
fault,agnostic-excl,17,3,87.05594713886512,380.0,338.0,-11.052631578947368,0,492.9119000007631,20000,168.0,1,1,10,1,1,265.0
fault,agnostic,18,3,87.05594713886512,309.0,594.0,92.23300970873787,0,470.86449999915203,20000,174.0,1,1,10,1,1,None
fault,agnostic-excl,18,3,87.05594713886512,309.0,302.0,-2.26537216828479,0,484.875899994222,20000,174.0,1,1,10,1,1,271.0
fault,agnostic,19,3,87.05594713886512,345.0,378.0,9.565217391304348,0,495.3800000002957,20000,170.0,9,1,10,1,1,None
fault,agnostic-excl,19,3,87.05594713886512,345.0,284.0,-17.681159420289855,0,485.45890000241343,20000,170.0,9,1,10,1,1,222.0
fault,agnostic,20,3,87.05594713886512,293.0,353.0,20.477815699658702,0,512.9732000059448,20000,171.0,5,1,10,1,1,None
fault,agnostic-excl,20,3,87.05594713886512,293.0,403.0,37.54266211604095,0,505.3486000033445,20000,171.0,5,1,10,1,1,208.0
fault,agnostic,21,3,87.05594713886512,284.0,390.0,37.32394366197183,0,515.1067999977386,20000,168.0,5,1,10,1,1,None
fault,agnostic-excl,21,3,87.05594713886512,284.0,300.0,5.633802816901409,0,523.3945999934804,20000,168.0,5,1,10,1,1,181.0
fault,agnostic,22,3,87.05594713886512,287.0,405.0,41.11498257839721,0,498.98969999776455,20000,172.0,6,1,10,1,1,None
fault,agnostic-excl,22,3,87.05594713886512,287.0,321.0,11.846689895470384,0,494.22230000345735,20000,172.0,6,1,10,1,1,223.0
fault,agnostic,23,3,87.05594713886512,362.0,446.0,23.204419889502763,0,537.2178000034182,20000,164.0,9,1,10,1,1,None
fault,agnostic-excl,23,3,87.05594713886512,362.0,348.0,-3.867403314917127,0,531.3308999975561,20000,164.0,9,1,10,1,1,233.0
fault,agnostic,24,3,87.05594713886512,312.0,442.0,41.66666666666667,0,475.17379999771947,20000,167.0,7,1,10,1,1,None
fault,agnostic-excl,24,3,87.05594713886512,312.0,355.0,13.782051282051283,0,483.3738999950583,20000,167.0,7,1,10,1,1,197.0
fault,agnostic,25,3,87.05594713886512,372.0,278.0,-25.268817204301076,0,497.30560000170954,20000,173.0,8,1,10,1,1,None
fault,agnostic-excl,25,3,87.05594713886512,372.0,306.0,-17.741935483870968,0,527.9603000017232,20000,173.0,8,1,10,1,1,226.0
fault,agnostic,26,3,87.05594713886512,324.0,310.0,-4.320987654320987,0,490.57230000471463,20000,173.0,7,1,10,1,1,None
fault,agnostic-excl,26,3,87.05594713886512,324.0,310.0,-4.320987654320987,0,490.33149999741,20000,173.0,7,1,10,1,1,None
fault,agnostic,27,3,87.05594713886512,296.0,430.0,45.27027027027027,0,506.3792000000831,20000,170.0,1,1,10,1,1,None
fault,agnostic-excl,27,3,87.05594713886512,296.0,331.0,11.824324324324325,0,505.883999998332,20000,170.0,1,1,10,1,1,219.0
fault,agnostic,28,3,87.05594713886512,412.0,314.0,-23.78640776699029,0,482.5907999984338,20000,168.0,0,1,10,1,1,None
fault,agnostic-excl,28,3,87.05594713886512,412.0,338.0,-17.96116504854369,0,491.53759999899194,20000,168.0,0,1,10,1,1,203.0
fault,agnostic,29,3,87.05594713886512,369.0,358.0,-2.9810298102981028,0,517.1578000008594,20000,169.0,7,1,10,1,1,None
fault,agnostic-excl,29,3,87.05594713886512,369.0,327.0,-11.38211382113821,0,501.2051000012434,20000,169.0,7,1,10,1,1,201.0
fault,agnostic,30,3,87.05594713886512,353.0,379.0,7.365439093484419,0,531.0121000002255,20000,168.0,0,1,10,1,1,None
fault,agnostic-excl,30,3,87.05594713886512,353.0,309.0,-12.464589235127479,0,520.388400000229,20000,168.0,0,1,10,1,1,195.0
fault,agnostic,1,4,64.21579955915043,337.0,532.0,57.86350148367953,0,535.7927000004565,20000,152.0,0,1,10,1,1,None
fault,agnostic-excl,1,4,64.21579955915043,337.0,359.0,6.528189910979229,0,515.9118000010494,20000,152.0,0,1,10,1,1,197.0
fault,agnostic,2,4,64.21579955915043,307.0,307.0,0.0,0,535.0752999947872,20000,156.0,0,1,10,1,1,None
fault,agnostic-excl,2,4,64.21579955915043,307.0,293.0,-4.5602605863192185,0,531.5324999974109,20000,156.0,0,1,10,1,1,217.0
fault,agnostic,3,4,64.21579955915043,303.0,650.0,114.52145214521452,0,538.9159999976982,20000,153.0,7,1,10,1,1,None
fault,agnostic-excl,3,4,64.21579955915043,303.0,320.0,5.6105610561056105,0,517.2275000004447,20000,153.0,7,1,10,1,1,188.0
fault,agnostic,4,4,64.21579955915043,299.0,508.0,69.89966555183946,0,537.430200005474,20000,160.0,9,1,10,1,1,None
fault,agnostic-excl,4,4,64.21579955915043,299.0,343.0,14.715719063545151,0,531.8542000022717,20000,160.0,9,1,10,1,1,188.0
fault,agnostic,5,4,64.21579955915043,321.0,614.0,91.27725856697819,0,534.4005999941146,20000,149.0,8,1,10,1,1,None
fault,agnostic-excl,5,4,64.21579955915043,321.0,358.0,11.526479750778815,0,570.576300000539,20000,149.0,8,1,10,1,1,306.0
fault,agnostic,6,4,64.21579955915043,352.0,590.0,67.61363636363636,0,540.16020000563,20000,145.0,0,1,10,1,1,None
fault,agnostic-excl,6,4,64.21579955915043,352.0,362.0,2.840909090909091,0,563.6726999946404,20000,145.0,0,1,10,1,1,194.0
fault,agnostic,7,4,64.21579955915043,305.0,326.0,6.885245901639345,0,520.2156000013929,20000,155.0,9,1,10,1,1,None
fault,agnostic-excl,7,4,64.21579955915043,305.0,329.0,7.868852459016394,0,522.878399999172,20000,155.0,9,1,10,1,1,201.0
fault,agnostic,8,4,64.21579955915043,347.0,375.0,8.069164265129682,0,544.8890999978175,20000,151.0,2,1,10,1,1,None
fault,agnostic-excl,8,4,64.21579955915043,347.0,382.0,10.086455331412104,0,564.4726000027731,20000,151.0,2,1,10,1,1,191.0
fault,agnostic,9,4,64.21579955915043,317.0,607.0,91.48264984227129,0,509.54999999521533,20000,157.0,5,1,10,1,1,None
fault,agnostic-excl,9,4,64.21579955915043,317.0,318.0,0.31545741324921134,0,531.6453999985242,20000,157.0,5,1,10,1,1,None
fault,agnostic,10,4,64.21579955915043,292.0,376.0,28.767123287671232,0,492.52930000511697,20000,158.0,4,1,10,1,1,None
fault,agnostic-excl,10,4,64.21579955915043,292.0,285.0,-2.3972602739726026,0,482.68950000056066,20000,158.0,4,1,10,1,1,227.0
fault,agnostic,11,4,64.21579955915043,454.0,446.0,-1.762114537444934,0,524.9237999960314,20000,154.0,2,1,10,1,1,None
fault,agnostic-excl,11,4,64.21579955915043,454.0,386.0,-14.977973568281937,0,521.7867999963346,20000,154.0,2,1,10,1,1,245.0
fault,agnostic,12,4,64.21579955915043,306.0,653.0,113.39869281045752,0,578.5054000007221,20000,143.0,9,1,10,1,1,None
fault,agnostic-excl,12,4,64.21579955915043,306.0,324.0,5.88235294117647,0,547.3643000004813,20000,143.0,9,1,10,1,1,247.0
fault,agnostic,13,4,64.21579955915043,361.0,324.0,-10.249307479224377,0,535.2321999962442,20000,147.0,5,1,10,1,1,None
fault,agnostic-excl,13,4,64.21579955915043,361.0,297.0,-17.72853185595568,0,507.30660000408534,20000,147.0,5,1,10,1,1,226.0
fault,agnostic,14,4,64.21579955915043,278.0,336.0,20.863309352517987,0,524.7779000055743,20000,150.0,6,1,10,1,1,None
fault,agnostic-excl,14,4,64.21579955915043,278.0,282.0,1.4388489208633095,0,533.5142999974778,20000,150.0,6,1,10,1,1,186.0
fault,agnostic,15,4,64.21579955915043,349.0,469.0,34.38395415472779,0,540.6640999935917,20000,152.0,6,1,10,1,1,None
fault,agnostic-excl,15,4,64.21579955915043,349.0,368.0,5.444126074498568,0,543.2660000005853,20000,152.0,6,1,10,1,1,222.0
fault,agnostic,16,4,64.21579955915043,291.0,362.0,24.398625429553263,0,572.133900001063,20000,154.0,0,1,10,1,1,None
fault,agnostic-excl,16,4,64.21579955915043,291.0,327.0,12.371134020618557,0,548.7692000024254,20000,154.0,0,1,10,1,1,195.0
fault,agnostic,17,4,64.21579955915043,380.0,313.0,-17.63157894736842,0,507.74860000092303,20000,157.0,1,1,10,1,1,None
fault,agnostic-excl,17,4,64.21579955915043,380.0,355.0,-6.578947368421052,0,511.17879999947036,20000,157.0,1,1,10,1,1,199.0
fault,agnostic,18,4,64.21579955915043,309.0,1080.0,249.5145631067961,0,530.7809999940218,20000,153.0,8,1,10,1,1,None
fault,agnostic-excl,18,4,64.21579955915043,309.0,328.0,6.148867313915858,0,542.2438000023249,20000,153.0,8,1,10,1,1,262.0
fault,agnostic,19,4,64.21579955915043,345.0,293.0,-15.072463768115943,0,547.796600003494,20000,151.0,4,1,10,1,1,None
fault,agnostic-excl,19,4,64.21579955915043,345.0,309.0,-10.434782608695652,0,524.2826999965473,20000,151.0,4,1,10,1,1,239.0
fault,agnostic,20,4,64.21579955915043,293.0,322.0,9.897610921501707,0,530.8998999971664,20000,151.0,1,1,10,1,1,None
fault,agnostic-excl,20,4,64.21579955915043,293.0,326.0,11.262798634812286,0,533.0124999964028,20000,151.0,1,1,10,1,1,191.0
fault,agnostic,21,4,64.21579955915043,284.0,366.0,28.87323943661972,0,557.2734999950626,20000,147.0,3,1,10,1,1,None
fault,agnostic-excl,21,4,64.21579955915043,284.0,319.0,12.323943661971832,0,564.7309999985737,20000,147.0,3,1,10,1,1,213.0
fault,agnostic,22,4,64.21579955915043,287.0,565.0,96.86411149825784,0,522.693300001265,20000,150.0,3,1,10,1,1,None
fault,agnostic-excl,22,4,64.21579955915043,287.0,318.0,10.801393728222997,0,550.0406999999541,20000,150.0,3,1,10,1,1,252.0
fault,agnostic,23,4,64.21579955915043,362.0,363.0,0.2762430939226519,0,521.6244000039296,20000,155.0,8,1,10,1,1,None
fault,agnostic-excl,23,4,64.21579955915043,362.0,325.0,-10.220994475138122,0,531.8088999993051,20000,155.0,8,1,10,1,1,197.0
fault,agnostic,24,4,64.21579955915043,312.0,309.0,-0.9615384615384616,0,498.2866999998805,20000,151.0,0,1,10,1,1,None
fault,agnostic-excl,24,4,64.21579955915043,312.0,316.0,1.282051282051282,0,509.7950999988825,20000,151.0,0,1,10,1,1,175.0
fault,agnostic,25,4,64.21579955915043,372.0,624.0,67.74193548387096,0,563.3087000023806,20000,152.0,9,1,10,1,1,None
fault,agnostic-excl,25,4,64.21579955915043,372.0,315.0,-15.32258064516129,0,555.5109999986598,20000,152.0,9,1,10,1,1,204.0
fault,agnostic,26,4,64.21579955915043,324.0,310.0,-4.320987654320987,0,537.3441999981878,20000,150.0,8,1,10,1,1,None
fault,agnostic-excl,26,4,64.21579955915043,324.0,343.0,5.864197530864197,0,515.3898999997182,20000,150.0,8,1,10,1,1,179.0
fault,agnostic,27,4,64.21579955915043,296.0,572.0,93.24324324324324,0,546.3971999997739,20000,148.0,4,1,10,1,1,None
fault,agnostic-excl,27,4,64.21579955915043,296.0,385.0,30.067567567567565,0,540.0893000041833,20000,148.0,4,1,10,1,1,174.0
fault,agnostic,28,4,64.21579955915043,412.0,466.0,13.106796116504855,0,550.7558999961475,20000,152.0,8,1,10,1,1,None
fault,agnostic-excl,28,4,64.21579955915043,412.0,352.0,-14.563106796116504,0,528.1362000023364,20000,152.0,8,1,10,1,1,206.0
fault,agnostic,29,4,64.21579955915043,369.0,578.0,56.639566395663955,0,546.5318999995361,20000,157.0,9,1,10,1,1,None
fault,agnostic-excl,29,4,64.21579955915043,369.0,331.0,-10.29810298102981,0,512.1807000032277,20000,157.0,9,1,10,1,1,273.0
fault,agnostic,30,4,64.21579955915043,353.0,307.0,-13.031161473087819,0,514.6123000013176,20000,157.0,2,1,10,1,1,None
fault,agnostic-excl,30,4,64.21579955915043,353.0,301.0,-14.730878186968837,0,511.2187999984599,20000,157.0,2,1,10,1,1,190.0
urgent,agnostic,1,0,400.0,337.0,453.0,34.42136498516321,0,93.89959999680286,4000,None,None,0,10,1,1,
urgent,agnostic,2,0,400.0,307.0,464.0,51.14006514657981,0,91.20879999682074,4000,None,None,0,10,1,1,
urgent,agnostic,3,0,400.0,303.0,459.0,51.48514851485149,0,96.32710000005318,4000,None,None,0,10,1,1,
urgent,agnostic,4,0,400.0,299.0,436.0,45.819397993311036,0,111.4778999981354,4000,None,None,0,10,1,1,
urgent,agnostic,5,0,400.0,321.0,467.0,45.482866043613704,0,106.2342000004719,4000,None,None,0,10,1,1,
urgent,agnostic,6,0,400.0,352.0,449.0,27.556818181818183,0,106.24770000140416,4000,None,None,0,10,1,1,
urgent,agnostic,7,0,400.0,305.0,499.0,63.60655737704918,0,98.62560000328813,4000,None,None,0,10,1,1,
urgent,agnostic,8,0,400.0,347.0,480.0,38.328530259366,0,95.28670000145212,4000,None,None,0,10,1,1,
urgent,agnostic,9,0,400.0,317.0,453.0,42.90220820189275,0,91.93190000223694,4000,None,None,0,10,1,1,
urgent,agnostic,10,0,400.0,292.0,468.0,60.273972602739725,0,101.27169999759644,4000,None,None,0,10,1,1,
urgent,agnostic,11,0,400.0,454.0,454.0,0.0,0,103.2649999979185,4000,None,None,0,10,1,1,
urgent,agnostic,12,0,400.0,306.0,454.0,48.36601307189542,0,94.47549999458715,4000,None,None,0,10,1,1,
urgent,agnostic,13,0,400.0,361.0,447.0,23.822714681440445,0,103.28640000079758,4000,None,None,0,10,1,1,
urgent,agnostic,14,0,400.0,278.0,460.0,65.46762589928058,0,103.21750000002794,4000,None,None,0,10,1,1,
urgent,agnostic,15,0,400.0,349.0,467.0,33.810888252149,0,102.39629999705357,4000,None,None,0,10,1,1,
urgent,agnostic,16,0,400.0,291.0,489.0,68.04123711340206,0,94.5480000009411,4000,None,None,0,10,1,1,
urgent,agnostic,17,0,400.0,380.0,459.0,20.789473684210527,0,101.3329999987036,4000,None,None,0,10,1,1,
urgent,agnostic,18,0,400.0,309.0,454.0,46.92556634304207,0,92.72380000038538,4000,None,None,0,10,1,1,
urgent,agnostic,19,0,400.0,345.0,456.0,32.17391304347826,0,95.1065999979619,4000,None,None,0,10,1,1,
urgent,agnostic,20,0,400.0,293.0,461.0,57.33788395904437,0,91.92450000409735,4000,None,None,0,10,1,1,
urgent,agnostic,21,0,400.0,284.0,459.0,61.61971830985915,0,88.10050000465708,4000,None,None,0,10,1,1,
urgent,agnostic,22,0,400.0,287.0,480.0,67.24738675958189,0,93.96739999647252,4000,None,None,0,10,1,1,
urgent,agnostic,23,0,400.0,362.0,465.0,28.45303867403315,0,92.14580000116257,4000,None,None,0,10,1,1,
urgent,agnostic,24,0,400.0,312.0,457.0,46.47435897435898,0,92.5409999981639,4000,None,None,0,10,1,1,
urgent,agnostic,25,0,400.0,372.0,458.0,23.118279569892472,0,101.96059999725549,4000,None,None,0,10,1,1,
urgent,agnostic,26,0,400.0,324.0,461.0,42.28395061728395,0,90.77099999558413,4000,None,None,0,10,1,1,
urgent,agnostic,27,0,400.0,296.0,473.0,59.797297297297305,0,102.62340000190306,4000,None,None,0,10,1,1,
urgent,agnostic,28,0,400.0,412.0,472.0,14.563106796116504,0,91.04479999950854,4000,None,None,0,10,1,1,
urgent,agnostic,29,0,400.0,369.0,462.0,25.203252032520325,0,96.74449999874923,4000,None,None,0,10,1,1,
urgent,agnostic,30,0,400.0,353.0,457.0,29.461756373937675,0,94.05630000401288,4000,None,None,0,10,1,1,
urgent,agnostic,1,1,413.15143325707925,337.0,467.0,38.57566765578635,0,94.19720000005327,4000,None,None,0,10,1,1,
urgent,agnostic,2,1,413.15143325707925,307.0,478.0,55.700325732899024,0,91.23890000046231,4000,None,None,0,10,1,1,
urgent,agnostic,3,1,413.15143325707925,303.0,473.0,56.10561056105611,0,101.40709999541286,4000,None,None,0,10,1,1,
urgent,agnostic,4,1,413.15143325707925,299.0,450.0,50.50167224080268,0,105.41110000485787,4000,None,None,0,10,1,1,
urgent,agnostic,5,1,413.15143325707925,321.0,481.0,49.84423676012461,0,109.61820000375155,4000,None,None,0,10,1,1,
urgent,agnostic,6,1,413.15143325707925,352.0,463.0,31.53409090909091,0,106.55599999881815,4000,None,None,0,10,1,1,
urgent,agnostic,7,1,413.15143325707925,305.0,513.0,68.1967213114754,0,88.8418000031379,4000,None,None,0,10,1,1,
urgent,agnostic,8,1,413.15143325707925,347.0,494.0,42.363112391930834,0,87.81469999667024,4000,None,None,0,10,1,1,
urgent,agnostic,9,1,413.15143325707925,317.0,467.0,47.3186119873817,0,94.24500000022817,4000,None,None,0,10,1,1,
urgent,agnostic,10,1,413.15143325707925,292.0,482.0,65.06849315068493,0,98.20139999646926,4000,None,None,0,10,1,1,
urgent,agnostic,11,1,413.15143325707925,454.0,467.0,2.8634361233480177,0,104.20229999726871,4000,None,None,0,10,1,1,
urgent,agnostic,12,1,413.15143325707925,306.0,468.0,52.94117647058824,0,94.26569999777712,4000,None,None,0,10,1,1,
urgent,agnostic,13,1,413.15143325707925,361.0,461.0,27.70083102493075,0,107.98259999864968,4000,None,None,0,10,1,1,
urgent,agnostic,14,1,413.15143325707925,278.0,474.0,70.50359712230215,0,102.68139999971027,4000,None,None,0,10,1,1,
urgent,agnostic,15,1,413.15143325707925,349.0,481.0,37.82234957020057,0,94.00129999994533,4000,None,None,0,10,1,1,
urgent,agnostic,16,1,413.15143325707925,291.0,503.0,72.85223367697594,0,93.16060000128346,4000,None,None,0,10,1,1,
urgent,agnostic,17,1,413.15143325707925,380.0,473.0,24.47368421052632,0,96.26299999945331,4000,None,None,0,10,1,1,
urgent,agnostic,18,1,413.15143325707925,309.0,468.0,51.45631067961165,0,94.96999999828404,4000,None,None,0,10,1,1,
urgent,agnostic,19,1,413.15143325707925,345.0,470.0,36.231884057971016,0,94.58250000170665,4000,None,None,0,10,1,1,
urgent,agnostic,20,1,413.15143325707925,293.0,475.0,62.116040955631405,0,91.21420000155922,4000,None,None,0,10,1,1,
urgent,agnostic,21,1,413.15143325707925,284.0,473.0,66.54929577464789,0,89.7527999986778,4000,None,None,0,10,1,1,
urgent,agnostic,22,1,413.15143325707925,287.0,494.0,72.12543554006969,0,94.08439999970142,4000,None,None,0,10,1,1,
urgent,agnostic,23,1,413.15143325707925,362.0,479.0,32.32044198895028,0,89.54580000136048,4000,None,None,0,10,1,1,
urgent,agnostic,24,1,413.15143325707925,312.0,471.0,50.96153846153846,0,92.92499999719439,4000,None,None,0,10,1,1,
urgent,agnostic,25,1,413.15143325707925,372.0,472.0,26.881720430107524,0,99.30410000379197,4000,None,None,0,10,1,1,
urgent,agnostic,26,1,413.15143325707925,324.0,475.0,46.60493827160494,0,92.3458999968716,4000,None,None,0,10,1,1,
urgent,agnostic,27,1,413.15143325707925,296.0,487.0,64.52702702702703,0,103.59169999719597,4000,None,None,0,10,1,1,
urgent,agnostic,28,1,413.15143325707925,412.0,474.0,15.048543689320388,0,91.82500000315486,4000,None,None,0,10,1,1,
urgent,agnostic,29,1,413.15143325707925,369.0,476.0,28.997289972899733,0,104.72590000426862,4000,None,None,0,10,1,1,
urgent,agnostic,30,1,413.15143325707925,353.0,471.0,33.42776203966006,0,93.99950000079116,4000,None,None,0,10,1,1,
urgent,agnostic,1,2,473.86457773484113,337.0,527.0,56.37982195845698,0,91.24029999657068,4000,None,None,0,10,1,1,
urgent,agnostic,2,2,473.86457773484113,307.0,538.0,75.2442996742671,0,99.17810000479221,4000,None,None,0,10,1,1,
urgent,agnostic,3,2,473.86457773484113,303.0,533.0,75.9075907590759,0,101.82300000451505,4000,None,None,0,10,1,1,
urgent,agnostic,4,2,473.86457773484113,299.0,510.0,70.5685618729097,0,110.96420000103535,4000,None,None,0,10,1,1,
urgent,agnostic,5,2,473.86457773484113,321.0,541.0,68.53582554517133,0,111.44179999973858,4000,None,None,0,10,1,1,
urgent,agnostic,6,2,473.86457773484113,352.0,523.0,48.57954545454545,0,103.37109999818495,4000,None,None,0,10,1,1,
urgent,agnostic,7,2,473.86457773484113,305.0,573.0,87.8688524590164,0,88.65279999736231,4000,None,None,0,10,1,1,
urgent,agnostic,8,2,473.86457773484113,347.0,554.0,59.654178674351584,0,88.5335999992094,4000,None,None,0,10,1,1,
urgent,agnostic,9,2,473.86457773484113,317.0,527.0,66.24605678233438,0,89.1706000038539,4000,None,None,0,10,1,1,
urgent,agnostic,10,2,473.86457773484113,292.0,542.0,85.61643835616438,0,100.46839999995427,4000,None,None,0,10,1,1,
urgent,agnostic,11,2,473.86457773484113,454.0,527.0,16.079295154185022,0,103.78089999721851,4000,None,None,0,10,1,1,
urgent,agnostic,12,2,473.86457773484113,306.0,528.0,72.54901960784314,0,97.09130000555888,4000,None,None,0,10,1,1,
urgent,agnostic,13,2,473.86457773484113,361.0,521.0,44.32132963988919,0,104.61420000501676,4000,None,None,0,10,1,1,
urgent,agnostic,14,2,473.86457773484113,278.0,534.0,92.08633093525181,0,99.25109999312554,4000,None,None,0,10,1,1,
urgent,agnostic,15,2,473.86457773484113,349.0,541.0,55.014326647564474,0,92.29390000109561,4000,None,None,0,10,1,1,
urgent,agnostic,16,2,473.86457773484113,291.0,563.0,93.47079037800687,0,98.17740000289632,4000,None,None,0,10,1,1,
urgent,agnostic,17,2,473.86457773484113,380.0,533.0,40.26315789473684,0,91.71320000314154,4000,None,None,0,10,1,1,
urgent,agnostic,18,2,473.86457773484113,309.0,528.0,70.87378640776699,0,91.91699999792036,4000,None,None,0,10,1,1,
urgent,agnostic,19,2,473.86457773484113,345.0,530.0,53.62318840579711,0,95.63690000504721,4000,None,None,0,10,1,1,
urgent,agnostic,20,2,473.86457773484113,293.0,535.0,82.5938566552901,0,90.88689999771304,4000,None,None,0,10,1,1,
urgent,agnostic,21,2,473.86457773484113,284.0,533.0,87.67605633802818,0,88.97279999655439,4000,None,None,0,10,1,1,
urgent,agnostic,22,2,473.86457773484113,287.0,554.0,93.03135888501743,0,92.06819999963045,4000,None,None,0,10,1,1,
urgent,agnostic,23,2,473.86457773484113,362.0,539.0,48.89502762430939,0,89.53859999746783,4000,None,None,0,10,1,1,
urgent,agnostic,24,2,473.86457773484113,312.0,531.0,70.1923076923077,0,90.76450000429759,4000,None,None,0,10,1,1,
urgent,agnostic,25,2,473.86457773484113,372.0,532.0,43.01075268817204,0,99.11239999928512,4000,None,None,0,10,1,1,
urgent,agnostic,26,2,473.86457773484113,324.0,535.0,65.12345679012346,0,89.24729999853298,4000,None,None,0,10,1,1,
urgent,agnostic,27,2,473.86457773484113,296.0,547.0,84.7972972972973,0,102.08980000606971,4000,None,None,0,10,1,1,
urgent,agnostic,28,2,473.86457773484113,412.0,534.0,29.61165048543689,0,91.38250000250991,4000,None,None,0,10,1,1,
urgent,agnostic,29,2,473.86457773484113,369.0,536.0,45.25745257452575,0,98.91459999926155,4000,None,None,0,10,1,1,
urgent,agnostic,30,2,473.86457773484113,353.0,531.0,50.42492917847026,0,94.76079999876674,4000,None,None,0,10,1,1,
urgent,agnostic,1,3,338.6513530555216,337.0,392.0,16.320474777448073,0,103.4873999960837,4000,None,None,0,10,1,1,
urgent,agnostic,2,3,338.6513530555216,307.0,403.0,31.27035830618892,0,97.33729999425123,4000,None,None,0,10,1,1,
urgent,agnostic,3,3,338.6513530555216,303.0,398.0,31.353135313531354,0,97.18979999888688,4000,None,None,0,10,1,1,
urgent,agnostic,4,3,338.6513530555216,299.0,375.0,25.418060200668897,0,112.30069999874104,4000,None,None,0,10,1,1,
urgent,agnostic,5,3,338.6513530555216,321.0,406.0,26.479750778816197,0,106.69580000103451,4000,None,None,0,10,1,1,
urgent,agnostic,6,3,338.6513530555216,352.0,388.0,10.227272727272728,0,96.76760000002105,4000,None,None,0,10,1,1,
urgent,agnostic,7,3,338.6513530555216,305.0,438.0,43.606557377049185,0,89.91859999514418,4000,None,None,0,10,1,1,
urgent,agnostic,8,3,338.6513530555216,347.0,419.0,20.7492795389049,0,89.01920000062091,4000,None,None,0,10,1,1,
urgent,agnostic,9,3,338.6513530555216,317.0,392.0,23.65930599369085,0,99.99860000243643,4000,None,None,0,10,1,1,
urgent,agnostic,10,3,338.6513530555216,292.0,407.0,39.38356164383562,0,102.23360000236426,4000,None,None,0,10,1,1,
urgent,agnostic,11,3,338.6513530555216,454.0,414.0,-8.81057268722467,0,111.63329999544658,4000,None,None,0,10,1,1,
urgent,agnostic,12,3,338.6513530555216,306.0,393.0,28.431372549019606,0,91.1701999939396,4000,None,None,0,10,1,1,
urgent,agnostic,13,3,338.6513530555216,361.0,386.0,6.9252077562326875,0,104.89589999633608,4000,None,None,0,10,1,1,
urgent,agnostic,14,3,338.6513530555216,278.0,399.0,43.52517985611511,0,93.88819999730913,4000,None,None,0,10,1,1,
urgent,agnostic,15,3,338.6513530555216,349.0,406.0,16.332378223495702,0,91.86699999554548,4000,None,None,0,10,1,1,
urgent,agnostic,16,3,338.6513530555216,291.0,428.0,47.07903780068728,0,92.12219999608351,4000,None,None,0,10,1,1,
urgent,agnostic,17,3,338.6513530555216,380.0,436.0,14.736842105263156,0,95.79310000117403,4000,None,None,0,10,1,1,
urgent,agnostic,18,3,338.6513530555216,309.0,393.0,27.184466019417474,0,95.18720000050962,4000,None,None,0,10,1,1,
urgent,agnostic,19,3,338.6513530555216,345.0,395.0,14.492753623188406,0,95.37909999926342,4000,None,None,0,10,1,1,
urgent,agnostic,20,3,338.6513530555216,293.0,400.0,36.51877133105802,0,88.3350000003702,4000,None,None,0,10,1,1,
urgent,agnostic,21,3,338.6513530555216,284.0,398.0,40.140845070422536,0,86.12240000366,4000,None,None,0,10,1,1,
urgent,agnostic,22,3,338.6513530555216,287.0,419.0,45.99303135888502,0,90.9484000003431,4000,None,None,0,10,1,1,
urgent,agnostic,23,3,338.6513530555216,362.0,404.0,11.602209944751381,0,93.42829999513924,4000,None,None,0,10,1,1,
urgent,agnostic,24,3,338.6513530555216,312.0,396.0,26.923076923076923,0,95.32979999494273,4000,None,None,0,10,1,1,
urgent,agnostic,25,3,338.6513530555216,372.0,397.0,6.720430107526881,0,98.65930000523804,4000,None,None,0,10,1,1,
urgent,agnostic,26,3,338.6513530555216,324.0,400.0,23.456790123456788,0,90.87930000532651,4000,None,None,0,10,1,1,
urgent,agnostic,27,3,338.6513530555216,296.0,412.0,39.189189189189186,0,104.93899999710266,4000,None,None,0,10,1,1,
urgent,agnostic,28,3,338.6513530555216,412.0,402.0,-2.4271844660194173,0,93.640700004471,4000,None,None,0,10,1,1,
urgent,agnostic,29,3,338.6513530555216,369.0,431.0,16.802168021680217,0,96.69779999967432,4000,None,None,0,10,1,1,
urgent,agnostic,30,3,338.6513530555216,353.0,396.0,12.181303116147308,0,93.88220000255387,4000,None,None,0,10,1,1,
urgent,agnostic,1,4,306.0225707987863,337.0,360.0,6.824925816023739,0,98.84559999773046,4000,None,None,0,10,1,1,
urgent,agnostic,2,4,306.0225707987863,307.0,371.0,20.846905537459286,0,96.87420000409475,4000,None,None,0,10,1,1,
urgent,agnostic,3,4,306.0225707987863,303.0,366.0,20.792079207920793,0,97.64319999521831,4000,None,None,0,10,1,1,
urgent,agnostic,4,4,306.0225707987863,299.0,343.0,14.715719063545151,0,110.6387000036193,4000,None,None,0,10,1,1,
urgent,agnostic,5,4,306.0225707987863,321.0,388.0,20.87227414330218,0,108.63579999568174,4000,None,None,0,10,1,1,
urgent,agnostic,6,4,306.0225707987863,352.0,356.0,1.1363636363636365,0,102.58620000240626,4000,None,None,0,10,1,1,
urgent,agnostic,7,4,306.0225707987863,305.0,406.0,33.114754098360656,0,87.39910000440432,4000,None,None,0,10,1,1,
urgent,agnostic,8,4,306.0225707987863,347.0,415.0,19.596541786743515,0,88.26870000484632,4000,None,None,0,10,1,1,
urgent,agnostic,9,4,306.0225707987863,317.0,360.0,13.564668769716087,0,100.95000000001164,4000,None,None,0,10,1,1,
urgent,agnostic,10,4,306.0225707987863,292.0,375.0,28.424657534246577,0,105.35369999706745,4000,None,None,0,10,1,1,
urgent,agnostic,11,4,306.0225707987863,454.0,382.0,-15.859030837004406,0,114.7934999971767,4000,None,None,0,10,1,1,
urgent,agnostic,12,4,306.0225707987863,306.0,361.0,17.973856209150327,0,96.16770000138786,4000,None,None,0,10,1,1,
urgent,agnostic,13,4,306.0225707987863,361.0,361.0,0.0,0,104.84890000225278,4000,None,None,0,10,1,1,
urgent,agnostic,14,4,306.0225707987863,278.0,367.0,32.014388489208635,0,95.73010000167415,4000,None,None,0,10,1,1,
urgent,agnostic,15,4,306.0225707987863,349.0,374.0,7.163323782234957,0,89.09570000105305,4000,None,None,0,10,1,1,
urgent,agnostic,16,4,306.0225707987863,291.0,396.0,36.08247422680412,0,93.0582000000868,4000,None,None,0,10,1,1,
urgent,agnostic,17,4,306.0225707987863,380.0,367.0,-3.421052631578948,0,98.15530000196304,4000,None,None,0,10,1,1,
urgent,agnostic,18,4,306.0225707987863,309.0,363.0,17.475728155339805,0,93.24819999892497,4000,None,None,0,10,1,1,
urgent,agnostic,19,4,306.0225707987863,345.0,363.0,5.217391304347826,0,99.48310000618221,4000,None,None,0,10,1,1,
urgent,agnostic,20,4,306.0225707987863,293.0,368.0,25.597269624573375,0,95.42379999766126,4000,None,None,0,10,1,1,
urgent,agnostic,21,4,306.0225707987863,284.0,366.0,28.87323943661972,0,92.56450000248151,4000,None,None,0,10,1,1,
urgent,agnostic,22,4,306.0225707987863,287.0,387.0,34.84320557491289,0,94.97869999904651,4000,None,None,0,10,1,1,
urgent,agnostic,23,4,306.0225707987863,362.0,372.0,2.7624309392265194,0,96.39829999650829,4000,None,None,0,10,1,1,
urgent,agnostic,24,4,306.0225707987863,312.0,379.0,21.474358974358974,0,94.84710000106134,4000,None,None,0,10,1,1,
urgent,agnostic,25,4,306.0225707987863,372.0,376.0,1.0752688172043012,0,100.71849999803817,4000,None,None,0,10,1,1,
urgent,agnostic,26,4,306.0225707987863,324.0,384.0,18.51851851851852,0,100.39959999994608,4000,None,None,0,10,1,1,
urgent,agnostic,27,4,306.0225707987863,296.0,380.0,28.37837837837838,0,100.55400000419468,4000,None,None,0,10,1,1,
urgent,agnostic,28,4,306.0225707987863,412.0,402.0,-2.4271844660194173,0,99.74840000359109,4000,None,None,0,10,1,1,
urgent,agnostic,29,4,306.0225707987863,369.0,431.0,16.802168021680217,0,101.7643000013777,4000,None,None,0,10,1,1,
urgent,agnostic,30,4,306.0225707987863,353.0,392.0,11.048158640226628,0,103.14719999587396,4000,None,None,0,10,1,1,
